-- phpMyAdmin SQL Dump
-- version 3.1.1
-- http://www.phpmyadmin.net
--
-- Host: localhost
-- Generation Time: Dec 31, 2011 at 01:33 PM
-- Server version: 5.1.45
-- PHP Version: 5.2.8

SET SQL_MODE="NO_AUTO_VALUE_ON_ZERO";


/*!40101 SET @OLD_CHARACTER_SET_CLIENT=@@CHARACTER_SET_CLIENT */;
/*!40101 SET @OLD_CHARACTER_SET_RESULTS=@@CHARACTER_SET_RESULTS */;
/*!40101 SET @OLD_COLLATION_CONNECTION=@@COLLATION_CONNECTION */;
/*!40101 SET NAMES utf8 */;

--
-- Database: `climate_watch_dog`
--

-- --------------------------------------------------------

--
-- Table structure for table `actions`
--

CREATE TABLE IF NOT EXISTS `actions` (
  `action_id` int(11) NOT NULL AUTO_INCREMENT,
  `action` varchar(75) NOT NULL,
  `qualifiers` text NOT NULL,
  `response` varchar(75) NOT NULL,
  `response_vars` text NOT NULL,
  `active` tinyint(4) NOT NULL,
  PRIMARY KEY (`action_id`)
) ENGINE=MyISAM DEFAULT CHARSET=utf8 AUTO_INCREMENT=1 ;

--
-- Dumping data for table `actions`
--


-- --------------------------------------------------------

--
-- Table structure for table `actions_log`
--

CREATE TABLE IF NOT EXISTS `actions_log` (
  `id` bigint(20) NOT NULL AUTO_INCREMENT,
  `action_id` int(11) NOT NULL,
  `user_id` int(11) NOT NULL,
  `time` int(10) NOT NULL,
  PRIMARY KEY (`id`)
) ENGINE=MyISAM DEFAULT CHARSET=utf8 AUTO_INCREMENT=1 ;

--
-- Dumping data for table `actions_log`
--


-- --------------------------------------------------------

--
-- Table structure for table `alert`
--

CREATE TABLE IF NOT EXISTS `alert` (
  `id` bigint(20) unsigned NOT NULL AUTO_INCREMENT,
  `user_id` int(11) DEFAULT '0',
  `alert_type` tinyint(4) NOT NULL COMMENT '1 - MOBILE, 2 - EMAIL',
  `alert_recipient` varchar(200) DEFAULT NULL,
  `alert_code` varchar(30) DEFAULT NULL,
  `alert_confirmed` tinyint(4) NOT NULL DEFAULT '0',
  `alert_lat` varchar(150) DEFAULT NULL,
  `alert_lon` varchar(150) DEFAULT NULL,
  `alert_radius` tinyint(4) NOT NULL DEFAULT '20',
  `alert_ip` varchar(100) DEFAULT NULL,
  PRIMARY KEY (`id`),
  UNIQUE KEY `uniq_alert_code` (`alert_code`)
) ENGINE=MyISAM DEFAULT CHARSET=utf8 AUTO_INCREMENT=1 ;

--
-- Dumping data for table `alert`
--


-- --------------------------------------------------------

--
-- Table structure for table `alert_category`
--

CREATE TABLE IF NOT EXISTS `alert_category` (
  `id` int(11) NOT NULL AUTO_INCREMENT,
  `alert_id` int(11) DEFAULT NULL,
  `category_id` int(11) DEFAULT NULL,
  PRIMARY KEY (`id`),
  KEY `alert_id` (`alert_id`),
  KEY `category_id` (`category_id`)
) ENGINE=MyISAM DEFAULT CHARSET=utf8 AUTO_INCREMENT=1 ;

--
-- Dumping data for table `alert_category`
--


-- --------------------------------------------------------

--
-- Table structure for table `alert_sent`
--

CREATE TABLE IF NOT EXISTS `alert_sent` (
  `id` bigint(20) unsigned NOT NULL AUTO_INCREMENT,
  `incident_id` bigint(20) NOT NULL,
  `alert_id` bigint(20) NOT NULL,
  `alert_date` datetime DEFAULT NULL,
  PRIMARY KEY (`id`)
) ENGINE=MyISAM DEFAULT CHARSET=utf8 AUTO_INCREMENT=1 ;

--
-- Dumping data for table `alert_sent`
--


-- --------------------------------------------------------

--
-- Table structure for table `api_banned`
--

CREATE TABLE IF NOT EXISTS `api_banned` (
  `id` int(11) unsigned NOT NULL AUTO_INCREMENT,
  `banned_ipaddress` varchar(50) NOT NULL,
  `banned_date` datetime NOT NULL,
  PRIMARY KEY (`id`)
) ENGINE=MyISAM  DEFAULT CHARSET=utf8 COMMENT='For logging banned API IP addresses' AUTO_INCREMENT=8 ;

--
-- Dumping data for table `api_banned`
--


-- --------------------------------------------------------

--
-- Table structure for table `api_log`
--

CREATE TABLE IF NOT EXISTS `api_log` (
  `id` int(11) unsigned NOT NULL AUTO_INCREMENT,
  `api_task` varchar(10) NOT NULL,
  `api_parameters` varchar(100) NOT NULL,
  `api_records` tinyint(11) NOT NULL,
  `api_ipaddress` varchar(50) NOT NULL,
  `api_date` datetime NOT NULL,
  PRIMARY KEY (`id`)
) ENGINE=MyISAM  DEFAULT CHARSET=utf8 COMMENT='For logging API activities' AUTO_INCREMENT=19 ;

--
-- Dumping data for table `api_log`
--


-- --------------------------------------------------------

--
-- Table structure for table `api_settings`
--

CREATE TABLE IF NOT EXISTS `api_settings` (
  `id` int(11) NOT NULL AUTO_INCREMENT,
  `default_record_limit` int(11) NOT NULL DEFAULT '20',
  `max_record_limit` int(11) DEFAULT NULL,
  `max_requests_per_ip_address` int(11) DEFAULT NULL,
  `max_requests_quota_basis` int(11) DEFAULT NULL,
  `modification_date` datetime NOT NULL,
  PRIMARY KEY (`id`)
) ENGINE=MyISAM DEFAULT CHARSET=utf8 COMMENT='For storing API logging settings' AUTO_INCREMENT=1 ;

--
-- Dumping data for table `api_settings`
--


-- --------------------------------------------------------

--
-- Table structure for table `badge`
--

CREATE TABLE IF NOT EXISTS `badge` (
  `id` int(11) NOT NULL AUTO_INCREMENT,
  `name` varchar(250) NOT NULL,
  `description` text NOT NULL,
  PRIMARY KEY (`id`)
) ENGINE=MyISAM DEFAULT CHARSET=utf8 AUTO_INCREMENT=1 ;

--
-- Dumping data for table `badge`
--


-- --------------------------------------------------------

--
-- Table structure for table `badge_users`
--

CREATE TABLE IF NOT EXISTS `badge_users` (
  `user_id` int(11) NOT NULL,
  `badge_id` int(11) NOT NULL,
  PRIMARY KEY (`user_id`,`badge_id`)
) ENGINE=MyISAM DEFAULT CHARSET=utf8;

--
-- Dumping data for table `badge_users`
--


-- --------------------------------------------------------

--
-- Table structure for table `category`
--

CREATE TABLE IF NOT EXISTS `category` (
  `id` int(11) unsigned NOT NULL AUTO_INCREMENT,
  `parent_id` int(11) NOT NULL DEFAULT '0',
  `locale` varchar(10) NOT NULL DEFAULT 'en_US',
  `category_type` tinyint(4) DEFAULT NULL,
  `category_position` tinyint(4) NOT NULL DEFAULT '0',
  `category_title` varchar(255) DEFAULT NULL,
  `category_description` text,
  `category_color` varchar(20) DEFAULT NULL,
  `category_image` varchar(100) DEFAULT NULL,
  `category_image_thumb` varchar(100) DEFAULT NULL,
  `category_image_shadow` varchar(100) DEFAULT NULL,
  `category_visible` tinyint(4) NOT NULL DEFAULT '1',
  `category_trusted` tinyint(4) NOT NULL DEFAULT '0',
  PRIMARY KEY (`id`),
  KEY `category_visible` (`category_visible`)
) ENGINE=MyISAM  DEFAULT CHARSET=utf8 AUTO_INCREMENT=5 ;

--
-- Dumping data for table `category`
--

INSERT INTO `category` (`id`, `parent_id`, `locale`, `category_type`, `category_position`, `category_title`, `category_description`, `category_color`, `category_image`, `category_image_thumb`, `category_image_shadow`, `category_visible`, `category_trusted`) VALUES
(1, 0, 'en_US', 5, 0, 'Trees cut', 'Deforestration', '4b6b94', NULL, NULL, NULL, 1, 0),
(2, 0, 'en_US', 5, 0, 'Trees planted', 'Afforestration', '0c7813', NULL, NULL, NULL, 1, 0),
(4, 0, 'en_US', 5, 0, 'Trusted Reports', 'Reports from trusted reporters', '339900', NULL, NULL, NULL, 1, 1);

-- --------------------------------------------------------

--
-- Table structure for table `category_lang`
--

CREATE TABLE IF NOT EXISTS `category_lang` (
  `id` int(11) unsigned NOT NULL AUTO_INCREMENT,
  `category_id` int(11) NOT NULL,
  `locale` varchar(10) DEFAULT NULL,
  `category_title` varchar(255) DEFAULT NULL,
  `category_description` text,
  PRIMARY KEY (`id`)
) ENGINE=MyISAM  DEFAULT CHARSET=utf8 AUTO_INCREMENT=5 ;

--
-- Dumping data for table `category_lang`
--

INSERT INTO `category_lang` (`id`, `category_id`, `locale`, `category_title`, `category_description`) VALUES
(1, 1, 'en_US', '', NULL),
(2, 1, 'fr_FR', '', NULL),
(3, 2, 'en_US', '', NULL),
(4, 2, 'fr_FR', '', NULL);

-- --------------------------------------------------------

--
-- Table structure for table `checkin`
--

CREATE TABLE IF NOT EXISTS `checkin` (
  `id` bigint(20) unsigned NOT NULL AUTO_INCREMENT,
  `user_id` int(10) unsigned NOT NULL,
  `location_id` bigint(20) unsigned NOT NULL,
  `incident_id` int(11) DEFAULT '0',
  `checkin_description` varchar(255) DEFAULT NULL,
  `checkin_date` datetime NOT NULL,
  `checkin_auto` enum('0','1') DEFAULT '0',
  PRIMARY KEY (`id`)
) ENGINE=MyISAM DEFAULT CHARSET=utf8 AUTO_INCREMENT=1 ;

--
-- Dumping data for table `checkin`
--


-- --------------------------------------------------------

--
-- Table structure for table `city`
--

CREATE TABLE IF NOT EXISTS `city` (
  `id` bigint(20) unsigned NOT NULL AUTO_INCREMENT,
  `country_id` int(11) DEFAULT NULL,
  `city` varchar(200) DEFAULT NULL,
  `city_lat` varchar(150) DEFAULT NULL,
  `city_lon` varchar(200) DEFAULT NULL,
  PRIMARY KEY (`id`)
) ENGINE=MyISAM  DEFAULT CHARSET=utf8 AUTO_INCREMENT=3001 ;

--
-- Dumping data for table `city`
--

INSERT INTO `city` (`id`, `country_id`, `city`, `city_lat`, `city_lon`) VALUES
(2001, 229, 'Kampala', '0.31628', '32.58219'),
(2002, 229, 'Lira', '2.235', '32.90972'),
(2003, 229, 'Gulu', '2.76667', '32.30556'),
(2004, 229, 'Sironko', '1.23132', '34.24773'),
(2005, 229, 'Pallisa', '1.145', '33.70944'),
(2006, 229, 'Mbale', '1.08209', '34.17503'),
(2007, 229, 'Masindi', '1.67444', '31.715'),
(2008, 229, 'Masaka', '-0.33379', '31.73409'),
(2009, 229, 'Iganga', '0.60917', '33.46861'),
(2010, 229, 'Fort Portal', '0.66174', '30.2748'),
(2011, 229, 'Arua', '3.01917', '30.93083'),
(2012, 229, 'Kisoro', '-1.28538', '29.68497'),
(2013, 229, 'Rukungiri', '-0.84111', '29.94194'),
(2014, 229, 'Moroto', '2.53453', '34.66659'),
(2015, 229, 'Kyenjojo', '0.63278', '30.62139'),
(2016, 229, 'Kanungu', '-0.9575', '29.78972'),
(2017, 229, 'Busia', '0.45444', '34.07583'),
(2018, 229, 'Adjumani', '3.36139', '31.80972'),
(2019, 229, 'Wakiso', '0.40444', '32.45944'),
(2020, 229, 'Tororo', '0.69299', '34.18085'),
(2021, 229, 'Soroti', '1.71464', '33.61113'),
(2022, 229, 'Nebbi', '2.47583', '31.1025'),
(2023, 229, 'Mubende', '0.56055', '31.39'),
(2024, 229, 'Mityana', '0.4175', '32.02278'),
(2025, 229, 'Mbarara', '-0.608', '30.65'),
(2026, 229, 'Kitgum', '3.27833', '32.88667'),
(2027, 229, 'Kiboga', '0.91611', '31.77417'),
(2028, 229, 'Kayunga', '0.7025', '32.88861'),
(2029, 229, 'Kapchorwa', '1.39651', '34.45093'),
(2030, 229, 'Kamuli', '0.94722', '33.11972'),
(2031, 229, 'Jinja', '0.43902', '33.20317'),
(2032, 229, 'Hoima', '1.43556', '31.34361'),
(2033, 229, 'Bundibugyo', '0.74139', '30.04167'),
(2034, 229, 'Bugiri', '0.57139', '33.74167'),
(2035, 229, 'Apac', '1.97556', '32.53861'),
(2036, 229, 'Amolatar', '1.61556', '32.83972'),
(2037, 229, 'Yumbe', '3.44639', '31.27028'),
(2038, 229, 'Sembabule', '-0.07722', '31.45667'),
(2039, 229, 'Rakai', '-0.72', '31.48389'),
(2040, 229, 'Ntungamo', '-0.87944', '30.26417'),
(2041, 229, 'Namutumba', '0.83611', '33.68611'),
(2042, 229, 'Nakasongola', '1.30889', '32.45639'),
(2043, 229, 'Nakaseke', '0.75167', '32.385'),
(2044, 229, 'Mukono', '0.35333', '32.75528'),
(2045, 229, 'Mpigi', '0.225', '32.31361'),
(2046, 229, 'Moyo', '3.62806', '31.75361'),
(2047, 229, 'Mayuge', '0.45972', '33.48028'),
(2048, 229, 'Maracha', '3.27', '30.97667'),
(2049, 229, 'Lyantonde', '-0.40306', '31.15722'),
(2050, 229, 'Luwero', '0.84917', '32.47306'),
(2051, 229, 'Kumi', '1.46083', '33.93611'),
(2052, 229, 'Kotido', '2.98056', '34.13306'),
(2053, 229, 'Koboko', '3.41139', '30.98667'),
(2054, 229, 'Kibale', '0.8', '31.06667'),
(2055, 229, 'Katakwi', '1.89111', '33.96611'),
(2056, 229, 'Kasese', '0.18333', '30.08333'),
(2057, 229, 'Kamwenge', '0.1866', '30.45393'),
(2058, 229, 'Kaliro', '0.89444', '33.49944'),
(2059, 229, 'Kalangala', '-0.30889', '32.225'),
(2060, 229, 'Kabale', '-1.24857', '29.98993'),
(2061, 229, 'Kaabong', '3.48361', '34.14917'),
(2062, 229, 'Dokolo', '1.89833', '33.1775'),
(2063, 229, 'Butaleja', '0.91194', '33.95111'),
(2064, 229, 'Bushenyi', '-0.58528', '30.21139'),
(2065, 229, 'Bulisa', '2.17917', '31.40222'),
(2066, 229, 'Bukwa', '1.25917', '34.75389'),
(2067, 229, 'Bukedea', '1.31694', '34.05056'),
(2068, 229, 'Bududa', '1.01118', '34.33112'),
(2069, 229, 'Budaka', '1.00389', '33.92556'),
(2070, 229, 'Amuria', '2.00361', '33.65111'),
(2071, 229, 'Abim', '2.70167', '33.67611'),
(2072, 229, 'Nakapiripirit', '1.91667', '34.78333'),
(2073, 229, 'Pader', '3.05', '33.21667'),
(2074, 229, 'Isingiro', '-0.86864', '30.83019'),
(2075, 229, 'Manafwa', '0.97842', '34.3743'),
(2076, 229, 'Oyam', '2.235', '32.38495'),
(2077, 229, 'Amuru', '2.80987', '31.94056'),
(2078, 229, 'Entebbe', '0.06444', '32.44694'),
(2079, 229, 'Kaberamaido', '1.73889', '33.15944'),
(2080, 229, 'Wobulenzi', '0.72833', '32.51222'),
(2081, 229, 'Paidha', '2.41667', '30.98333'),
(2082, 229, 'Njeru', '0.41861', '33.17306'),
(2083, 229, 'Buwenge', '0.64222', '33.17444'),
(2084, 229, 'Wainya', '0.55417', '33.41028'),
(2085, 229, 'Rwamuhara', '-0.16722', '30.65472'),
(2086, 229, 'Pawel', '3.12333', '32.41361'),
(2087, 229, 'Pader Palwo', '2.80056', '33.135'),
(2088, 229, 'Opiyai', '1.7', '33.61667'),
(2089, 229, 'Omiya Anyma', '3.26667', '33.25'),
(2090, 229, 'Ogujebe', '3.48333', '31.7'),
(2091, 229, 'Ogongora', '1.9', '33.38333'),
(2092, 229, 'Offaka', '2.62194', '31.04778'),
(2093, 229, 'Odekere', '1.65', '33'),
(2094, 229, 'Obuje', '3.21667', '30.96667'),
(2095, 229, 'Ntungamo', '-0.88333', '29.65'),
(2096, 229, 'Nazigo', '0.6425', '32.99'),
(2097, 229, 'Napianyenya', '1.86667', '34.58333'),
(2098, 229, 'Namulonge', '0.52972', '32.6025'),
(2099, 229, 'Namasuba', '0.68944', '32.42139'),
(2100, 229, 'Najeneti', '1.15', '33.66667'),
(2101, 229, 'Nabuwigulu', '0.97583', '33.12389'),
(2102, 229, 'Mwengura', '-0.6', '30.26667'),
(2103, 229, 'Mwameri', '1.33333', '34.16667'),
(2104, 229, 'Muguruka', '-0.25', '31.5'),
(2105, 229, 'Muduma', '0.35139', '32.29889'),
(2106, 229, 'Momeri', '1.31667', '34.06667'),
(2107, 229, 'Lugazi', '0.37722', '32.91972'),
(2108, 229, 'Kyosoweri', '1.33333', '34.66667'),
(2109, 229, 'Kyeizobo', '-0.56667', '30.26667'),
(2110, 229, 'Kyankonoki', '1.13333', '32.55'),
(2111, 229, 'Kyabasaja', '0.76667', '31.38333'),
(2112, 229, 'Kiterera', '0.36667', '33.53333'),
(2113, 229, 'Kireka', '0.3475', '32.64917'),
(2114, 229, 'Kihihi', '-0.75', '29.7'),
(2115, 229, 'Kichwamba', '-0.68333', '29.93333'),
(2116, 229, 'Katozho', '-0.95', '30.33333'),
(2117, 229, 'Kapeka', '0.69111', '32.23556'),
(2118, 229, 'Kanyamburara', '-0.03333', '30.35'),
(2119, 229, 'Kakirioningole', '2.11667', '34.6'),
(2120, 229, 'Kakanzhu', '-0.5', '30.2'),
(2121, 229, 'Kagadi', '0.96056', '30.79667'),
(2122, 229, 'Chwagere', '1.84833', '33.07861'),
(2123, 229, 'Cherekula', '1.3', '33.66667'),
(2124, 229, 'Chamidako', '1.68333', '33.05'),
(2125, 229, 'Byakabanda', '-0.7425', '31.40639'),
(2126, 229, 'Bwizibwera', '-0.59167', '30.62861'),
(2127, 229, 'Bweyogerere', '0.35583', '32.66722'),
(2128, 229, 'Busembatia', '0.76972', '33.61306'),
(2129, 229, 'Bunghaji', '0.92667', '33.98083'),
(2130, 229, 'Bulambiro', '0.38333', '32.6'),
(2131, 229, 'Buhungurua', '-0.83333', '30.73333'),
(2132, 229, 'Bugushu', '0.1', '30.66667'),
(2133, 229, 'Bugonje', '-0.76667', '29.8'),
(2134, 229, 'Bugembe', '0.47972', '33.23444'),
(2135, 229, 'Bubulo', '0.94167', '34.27944'),
(2136, 229, 'Bubonge', '0.56667', '33.58333'),
(2137, 229, 'Birunduma', '-0.79056', '31.06083'),
(2138, 229, 'Biharwe', '-0.54417', '30.8'),
(2139, 229, 'Atutur', '1.31667', '33.95'),
(2140, 229, 'Atiak', '3.245', '32.14111'),
(2141, 229, 'Amudat', '1.95', '34.95'),
(2142, 229, 'Alwii', '2.45', '31.36667'),
(2143, 229, 'Te Okot', '2.48861', '31.58472'),
(2144, 229, 'Rwashamaire', '-0.89306', '30.14333'),
(2145, 229, 'Rutooma', '-0.47', '30.59611'),
(2146, 229, 'Rubaare', '-1.08389', '30.20167'),
(2147, 229, 'Pawor', '2.82306', '31.31667'),
(2148, 229, 'Putanga', '2.59806', '32.94694'),
(2149, 229, 'Pakwach', '2.45361', '31.5025'),
(2150, 229, 'Owafa', '3.14472', '31.02528'),
(2151, 229, 'Otuboi', '1.89417', '33.29889'),
(2152, 229, 'Old Dufile', '3.56667', '31.96667'),
(2153, 229, 'Ogisa', '1.38333', '33.7'),
(2154, 229, 'Ntungamo', '-0.935', '30.28806'),
(2155, 229, 'Nsika', '-0.38306', '30.465'),
(2156, 229, 'Nakishenyi', '-1.03778', '29.91944'),
(2157, 229, 'Maseruku', '-0.45972', '30.40472'),
(2158, 229, 'Lotuturu', '3.70306', '32.91611'),
(2159, 229, 'Laropi', '3.54194', '31.8425'),
(2160, 229, 'Laminabili', '2.68306', '32.33028'),
(2161, 229, 'Kiwumulo', '0.81139', '31.15361'),
(2162, 229, 'Kilembe', '0.24611', '30.0125'),
(2163, 229, 'Katwe', '-0.14167', '29.83028'),
(2164, 229, 'Kalongo', '3.03028', '33.38889'),
(2165, 229, 'Kalisizo', '-0.53639', '31.62139'),
(2166, 229, 'Kakuuto', '-0.84417', '31.44583'),
(2167, 229, 'Kaburoron', '1.38778', '34.61278'),
(2168, 229, 'Diima', '-0.64444', '31.79611'),
(2169, 229, 'Chegere', '2.08278', '32.50278'),
(2170, 229, 'Cawente', '1.77583', '32.66083'),
(2171, 229, 'Buwologoma', '0.73333', '33.36667'),
(2172, 229, 'Bukomansimbi', '-0.15778', '31.60417'),
(2173, 229, 'Aboke', '2.33528', '32.68861'),
(2174, 229, 'Yole', '3.08333', '30.95'),
(2175, 229, 'Wolo', '3.38333', '31.25'),
(2176, 229, 'Wangobo', '1.1', '33.51667'),
(2177, 229, 'Wangale', '0.95', '34.1'),
(2178, 229, 'Waluvule', '0.76667', '32.5'),
(2179, 229, 'Wakisu', '0.41667', '32.83333'),
(2180, 229, 'Wadelai', '2.73333', '31.4'),
(2181, 229, 'Wabusana', '0.89417', '32.65167'),
(2182, 229, 'Wabisisa', '1.2', '32.38333'),
(2183, 229, 'Vumbe', '0.33333', '32.13333'),
(2184, 229, 'Uluko', '3.01667', '30.96667'),
(2185, 229, 'Ukuti', '3.65', '33.53333'),
(2186, 229, 'Ukadakya', '2.05', '34.05'),
(2187, 229, 'Tondegejerako', '0.46667', '31.9'),
(2188, 229, 'Toma', '0.92861', '34.26639'),
(2189, 229, 'Tiriri', '1.88028', '33.46806'),
(2190, 229, 'Tekala', '-0.43333', '31.81667'),
(2191, 229, 'Taan Valley', '3.76639', '33.84083'),
(2192, 229, 'Sinya', '0.83333', '34.23333'),
(2193, 229, 'Sikunga', '0.96667', '34.35'),
(2194, 229, 'Sentema', '0.36833', '32.40556'),
(2195, 229, 'Ryamurunga', '-0.915', '30.74917'),
(2196, 229, 'Ryakagongo', '-0.13333', '30.45'),
(2197, 229, 'Rwoho', '-0.85', '30.53333'),
(2198, 229, 'Rwensunga', '-0.24361', '30.9975'),
(2199, 229, 'Rwenshama', '-0.44111', '29.79'),
(2200, 229, 'Rwamakukuru', '-0.38333', '31.08333'),
(2201, 229, 'Rwamahwa', '-0.77861', '29.92444'),
(2202, 229, 'Rwakororo', '-1.26667', '29.86667'),
(2203, 229, 'Runga', '1.73333', '31.3'),
(2204, 229, 'Ruhengere', '-0.36667', '30.75'),
(2205, 229, 'Rugando', '-0.63333', '30.51667'),
(2206, 229, 'Rugaga', '-0.81611', '30.99722'),
(2207, 229, 'Ruborogota', '-1.07028', '30.59028'),
(2208, 229, 'Rubabu', '-0.91667', '29.95'),
(2209, 229, 'Rubaare', '-1.01694', '30.18889'),
(2210, 229, 'Ruangi', '2.11667', '31.45'),
(2211, 229, 'Rom', '3.29444', '33.56889'),
(2212, 229, 'Port Bell', '0.29111', '32.65972'),
(2213, 229, 'Poko', '3.45', '31.9'),
(2214, 229, 'Podoti', '0.62778', '34.09778'),
(2215, 229, 'Pilitok', '1.9', '33.28333'),
(2216, 229, 'Peipei', '0.76667', '34.13333'),
(2217, 229, 'Parabongo', '2.87', '32.18083'),
(2218, 229, 'Pamenya', '2.46667', '31.15'),
(2219, 229, 'Palatau', '1.71667', '33.3'),
(2220, 229, 'Pajwenda', '0.68333', '34.06667'),
(2221, 229, 'Owerai', '1.96667', '33.6'),
(2222, 229, 'Otome', '1.85', '33.76667'),
(2223, 229, 'Osopotoit', '1.36667', '33.83333'),
(2224, 229, 'Orijini', '3.51667', '31.13333'),
(2225, 229, 'Oriebai', '2.08333', '33.45'),
(2226, 229, 'Oraba', '3.51972', '30.91556'),
(2227, 229, 'Opwateta', '1.25', '33.85'),
(2228, 229, 'Onigo', '3.5', '31.9'),
(2229, 229, 'Ongunai', '1.78333', '33.51667'),
(2230, 229, 'Ongoratok', '1.78333', '33.58333'),
(2231, 229, 'Ongariama', '1.98333', '33.5'),
(2232, 229, 'Omyemya', '2.21667', '33.75'),
(2233, 229, 'Omunyir', '2.15', '33.48333'),
(2234, 229, 'Omugenya', '1.75', '33.76667'),
(2235, 229, 'Omugei', '2.15', '33.78333'),
(2236, 229, 'Omudoi', '1.81667', '34'),
(2237, 229, 'Omotoi', '1.31667', '33.78333'),
(2238, 229, 'Omodoi', '2.05', '33.8'),
(2239, 229, 'Omoce', '1.93333', '33.51667'),
(2240, 229, 'Ombachi', '3.06667', '30.93333'),
(2241, 229, 'Omatikile', '1.95', '33.51667'),
(2242, 229, 'Olwerai', '1.71667', '33.46667'),
(2243, 229, 'Oluvu', '3.2', '30.86667'),
(2244, 229, 'Oloroi', '2.01667', '33.33333'),
(2245, 229, 'Olio', '1.78333', '33.51667'),
(2246, 229, 'Olelai', '2.03333', '33.93333'),
(2247, 229, 'Olekai', '1.93333', '33.66667'),
(2248, 229, 'Olecoi', '1.86667', '33.48333'),
(2249, 229, 'Oleba', '3.29694', '30.94694'),
(2250, 229, 'Okworo', '1.33333', '34.1'),
(2251, 229, 'Okude', '2.06667', '33.36667'),
(2252, 229, 'Okoyu', '3.35', '31.26667'),
(2253, 229, 'Okapel', '1.75', '33.23333'),
(2254, 229, 'Ojom', '1.8', '33.58333'),
(2255, 229, 'Ojingai', '1.76667', '33.58333'),
(2256, 229, 'Ojaa', '1.85', '32.4'),
(2257, 229, 'Ogosoi', '1.33333', '33.83333'),
(2258, 229, 'Ogomo', '1.43333', '33.83333'),
(2259, 229, 'Ogangai', '2.18333', '33.51667'),
(2260, 229, 'Odoon', '1.95', '33.73333'),
(2261, 229, 'Odoit', '1.76667', '33.13333'),
(2262, 229, 'Oderai', '2.06667', '33.95'),
(2263, 229, 'Ochebu', '2.7', '31.03333'),
(2264, 229, 'Ochanga', '1.88333', '33.3'),
(2265, 229, 'Ochakai', '1.95', '33.43333'),
(2266, 229, 'Obyonyo', '2.05', '33.38333'),
(2267, 229, 'Oburi', '2.01667', '33.8'),
(2268, 229, 'Obulubulu', '1.71667', '33.11667'),
(2269, 229, 'Obalang', '2.17278', '33.58278'),
(2270, 229, 'Nyiovura', '3.01667', '30.83333'),
(2271, 229, 'Nyio', '3.03333', '30.83333'),
(2272, 229, 'Nyero', '1.48333', '33.85'),
(2273, 229, 'Nyantungo', '0.6', '30.65'),
(2274, 229, 'Nyamushasha', '-0.46667', '29.76667'),
(2275, 229, 'Nyalushanje', '-0.98333', '29.96667'),
(2276, 229, 'Nyako', '1.3', '33.8'),
(2277, 229, 'Nyakisanju', '-0.56667', '29.65'),
(2278, 229, 'Nyakashashara', '-0.39361', '31.10361'),
(2279, 229, 'Nyakakoni', '-0.45', '30.71667'),
(2280, 229, 'Nyakageyi', '2.26667', '31.31667'),
(2281, 229, 'Nyakagando', '-0.66667', '30.43333'),
(2282, 229, 'Nyabisirira', '-0.31667', '30.61667'),
(2283, 229, 'Nyaada', '2.21667', '33.68333'),
(2284, 229, 'Ntenjeru', '0.7525', '32.885'),
(2285, 229, 'Nsololo', '0.51667', '31.86667'),
(2286, 229, 'Nsola', '0.95', '33.71667'),
(2287, 229, 'Nsasa', '0.41667', '32.65'),
(2288, 229, 'Nkozi', '0.00556', '32.01222'),
(2289, 229, 'Nkanya', '1.25', '32.51667'),
(2290, 229, 'Ngulamo', '0.38333', '33.76667'),
(2291, 229, 'Ngai', '2.47722', '32.50722'),
(2292, 229, 'Nawanago', '0.73806', '33.15028'),
(2293, 229, 'Napopongo', '1.23333', '33.65'),
(2294, 229, 'Nankongolo', '0.52917', '33.84028'),
(2295, 229, 'Namusuka', '0.86667', '34.08333'),
(2296, 229, 'Namunyumya', '0.75', '33.63333'),
(2297, 229, 'Namulo', '0.91667', '34'),
(2298, 229, 'Namulikya', '0.75', '33.11667'),
(2299, 229, 'Namugongo', '0.3825', '32.64639'),
(2300, 229, 'Namazzi', '0.73333', '32.2'),
(2301, 229, 'Namawogya', '0.66722', '32.66111'),
(2302, 229, 'Namalira', '0.62889', '32.82444'),
(2303, 229, 'Namakoko', '0.5', '33.66667'),
(2304, 229, 'Nama', '0.28333', '32.35'),
(2305, 229, 'Nakorimoru', '3.65', '34.23333'),
(2306, 229, 'Nakhupa', '0.86667', '34.25'),
(2307, 229, 'Nakazigo', '0.41667', '33.6'),
(2308, 229, 'Nakabala', '0.55', '31.43333'),
(2309, 229, 'Naitakwai', '2.53333', '34.63333'),
(2310, 229, 'Naigana', '1.00417', '30.87389'),
(2311, 229, 'Nagongera', '0.76056', '34.02167'),
(2312, 229, 'Nagojje', '0.43944', '32.8825'),
(2313, 229, 'Nabiswera', '1.46', '32.26472'),
(2314, 229, 'Mwerasandu', '-0.98333', '30.38333'),
(2315, 229, 'Mulamba', '-0.95', '29.83333'),
(2316, 229, 'Mkongoro', '1.30167', '33.88722'),
(2317, 229, 'Muhororo', '0.93806', '30.75944'),
(2318, 229, 'Mugusu', '0.61667', '30.21667'),
(2319, 229, 'Mpute', '0.8', '32.61667'),
(2320, 229, 'Mpanga', '0.08333', '30.38333'),
(2321, 229, 'Morungatuny', '2.11667', '33.5'),
(2322, 229, 'Morungatuny', '2.1', '33.46667'),
(2323, 229, 'Mocha', '3.53333', '31.25'),
(2324, 229, 'Mitandi', '0.6', '30.15'),
(2325, 229, 'Migingye', '0.66667', '32.35'),
(2326, 229, 'Michu', '3.11667', '30.86667'),
(2327, 229, 'Media', '3.43333', '30.98333'),
(2328, 229, 'Mbuya', '0.33333', '32.63333'),
(2329, 229, 'Mbulamuti', '0.84167', '33.04861'),
(2330, 229, 'Masindi Port', '1.68583', '32.08306'),
(2331, 229, 'Mamunye', '0.73333', '32.75'),
(2332, 229, 'Maliri', '0.81667', '34.15'),
(2333, 229, 'Maliba', '0.31667', '30.1'),
(2334, 229, 'Makulubita', '0.58333', '32.41667'),
(2335, 229, 'Makindye', '0.28444', '32.59167'),
(2336, 229, 'Majanji', '0.26417', '33.97889'),
(2337, 229, 'Mailye', '1.23333', '32.48333'),
(2338, 229, 'Magosi', '2.91667', '34.51667'),
(2339, 229, 'Magale', '0.8725', '34.36722'),
(2340, 229, 'Magabi', '-0.89083', '31.24778'),
(2341, 229, 'Machodi', '-0.85', '31.35'),
(2342, 229, 'Maanyi', '0.27333', '31.95583'),
(2343, 229, 'Lyangha', '2.51667', '33.88333'),
(2344, 229, 'Lyamachunda', '-0.26667', '31.13333'),
(2345, 229, 'Lwemikoma', '0.05', '30.81667'),
(2346, 229, 'Lwamboga', '1.45', '32.15'),
(2347, 229, 'Lwakhakha', '0.79111', '34.37944'),
(2348, 229, 'Lwabyata', '1.51667', '32.36667'),
(2349, 229, 'Lwaboba', '0.88333', '34.13333'),
(2350, 229, 'Lumoto', '1.13333', '33.73333'),
(2351, 229, 'Lukuma', '3.08333', '31.05'),
(2352, 229, 'Lukhonge', '0.93333', '34.21667'),
(2353, 229, 'Luhizha', '-1.03333', '29.78333'),
(2354, 229, 'Lugarama', '-1.23333', '29.96667'),
(2355, 229, 'Loro', '2.23333', '32.53333'),
(2356, 229, 'Lorengedwat', '2.31028', '34.6'),
(2357, 229, 'Lokwakipi', '2.56667', '34.86667'),
(2358, 229, 'Logiri', '2.76667', '30.85'),
(2359, 229, 'Lochi', '1.2', '33.65'),
(2360, 229, 'Lobuneit', '3.31667', '34.33333'),
(2361, 229, 'Lewa', '3.26667', '31.48333'),
(2362, 229, 'Lalachat', '2', '34.61667'),
(2363, 229, 'Laguti', '3.08333', '32.81667'),
(2364, 229, 'Ladonga', '3.39861', '31.13806'),
(2365, 229, 'Kyotera', '-0.61556', '31.5175'),
(2366, 229, 'Kyojomanyi', '0.43333', '31.68333'),
(2367, 229, 'Kyetume', '0.61667', '32.66667'),
(2368, 229, 'Kyempitsi', '-0.51667', '30.53333'),
(2369, 229, 'Kyelim', '1.5', '33.98333'),
(2370, 229, 'Kyebando', '-0.05', '31.4'),
(2371, 229, 'Kyataruga', '1.65', '31.65'),
(2372, 229, 'Kyaruhuga', '-0.86667', '30.08333'),
(2373, 229, 'Kyamukonda', '1.43139', '32.21028'),
(2374, 229, 'Kyakajoba', '1.15', '32.75'),
(2375, 229, 'Kyabi', '0.05', '31.56667'),
(2376, 229, 'Kyabakaire', '0.7', '33.76667'),
(2377, 229, 'Kwera', '1.81667', '32.98333'),
(2378, 229, 'Kungu', '1.68333', '32.15'),
(2379, 229, 'Kuluva', '2.95', '30.93333'),
(2380, 229, 'Kuluba', '3.50222', '30.94417'),
(2381, 229, 'Kotiokot', '1.4', '34.15'),
(2382, 229, 'Koryamo', '1.85', '33.21667'),
(2383, 229, 'Koreng', '1.48333', '34.1'),
(2384, 229, 'Kokumongole', '1.9', '34.63333'),
(2385, 229, 'Kokotu', '1.3', '34.08333'),
(2386, 229, 'Kokotero', '1.1', '32.83333'),
(2387, 229, 'Kodomu', '2.03333', '34.06667'),
(2388, 229, 'Kizinga', '-1.26667', '30.08333'),
(2389, 229, 'Kiyuya', '0.61667', '31.38333'),
(2390, 229, 'Kiyanja', '0.23333', '32.75'),
(2391, 229, 'Kiwoko', '0.84639', '32.35306'),
(2392, 229, 'Kiwaguzi', '1', '32.05'),
(2393, 229, 'Kitodha', '0.41667', '33.83333'),
(2394, 229, 'Kitenga', '0.51667', '31.5'),
(2395, 229, 'Kiten', '3.51667', '33.43333'),
(2396, 229, 'Kitehe', '0.93333', '30.73333'),
(2397, 229, 'Kishanzhe', '-1.3', '29.86667'),
(2398, 229, 'Kisalizi', '1.08333', '32.08333'),
(2399, 229, 'Kisalama', '0.46667', '31.91667'),
(2400, 229, 'Kisagala', '0.51667', '31.95'),
(2401, 229, 'Kisaasi', '0.36667', '32.58333'),
(2402, 229, 'Kiryantama', '1.23333', '32.9'),
(2403, 229, 'Kiraboha', '0.41667', '30.18333'),
(2404, 229, 'Kinyankendi', '0.61667', '30.16667'),
(2405, 229, 'Kinyabuddu', '-0.6', '31.3'),
(2406, 229, 'Kinunka', '-0.27', '31.12111'),
(2407, 229, 'Kiligombe', '0.6', '32.1'),
(2408, 229, 'Kilembe', '0.2', '30'),
(2409, 229, 'Kikoyera', '1.36667', '32.55'),
(2410, 229, 'Kikagati', '-1.10361', '30.68806'),
(2411, 229, 'Kigorobya', '1.62', '31.31083'),
(2412, 229, 'Kacherere', '-0.10694', '30.40194'),
(2413, 229, 'Kibwiza', '1.15', '33.56667'),
(2414, 229, 'Kibanda', '1.79722', '31.68667'),
(2415, 229, 'Kiani', '0.96944', '33.51083'),
(2416, 229, 'Khabutola', '0.9', '34.26667'),
(2417, 229, 'Kenyonyi', '1.5', '32.26667'),
(2418, 229, 'Kem', '2.68333', '33.76667'),
(2419, 229, 'Kelle', '1.65', '33.16667'),
(2420, 229, 'Kayonga', '0.5', '31.4'),
(2421, 229, 'Kawolongojo', '0.4', '32.16667'),
(2422, 229, 'Kawempe', '0.3775', '32.55667'),
(2423, 229, 'Kavulo', '0.5', '33.63333'),
(2424, 229, 'Kavugazo', '-1.2', '29.71667'),
(2425, 229, 'Katungu', '-1.24886', '30.22953'),
(2426, 229, 'Katovu', '-0.35', '31.15'),
(2427, 229, 'Katoke', '-0.56667', '29.71667'),
(2428, 229, 'Katikekile', '2.38333', '34.83333'),
(2429, 229, 'Katerema', '0.64556', '34.09806'),
(2430, 229, 'Katente', '0.26667', '32.86667'),
(2431, 229, 'Katagurukwa', '1.63333', '31.81667'),
(2432, 229, 'Kasowa', '0.52639', '33.1375'),
(2433, 229, 'Kashongi', '-0.36361', '30.72806'),
(2434, 229, 'Kashongi', '-0.83806', '30.94111'),
(2435, 229, 'Kashesha', '-0.8', '29.65'),
(2436, 229, 'Kasenyi', '-0.04444', '30.19806'),
(2437, 229, 'Kasangayiye', '0.68333', '31.16667'),
(2438, 229, 'Kasangati', '0.43806', '32.58639'),
(2439, 229, 'Karujumba', '0.08333', '29.91667'),
(2440, 229, 'Kapyanga', '0.55139', '33.76222'),
(2441, 229, 'Kapelebyong', '2.29333', '33.83083'),
(2442, 229, 'Kapelimoru', '3', '34.2'),
(2443, 229, 'Kanyumu', '1.25', '33.86667'),
(2444, 229, 'Kanyinabulimano', '-0.65', '29.73333'),
(2445, 229, 'Kanyamwerina', '0.75', '30.05'),
(2446, 229, 'Kansiri', '0.71667', '32.2'),
(2447, 229, 'Kangole', '1.53333', '34.15'),
(2448, 229, 'Kamushoko', '-0.55', '30.48333'),
(2449, 229, 'Kamuda', '1.81667', '33.4'),
(2450, 229, 'Kamuda', '1.75', '33.5'),
(2451, 229, 'Kameki', '1.25', '33.76667'),
(2452, 229, 'Kamudini', '2.23472', '32.34306'),
(2453, 229, 'Kalyango', '0.83333', '31.8'),
(2454, 229, 'Kalule', '0.63333', '32.53333'),
(2455, 229, 'Kalobo', '1.85', '33.4'),
(2456, 229, 'Kalangala', '-0.2', '31.88333'),
(2457, 229, 'Kakures', '1.3', '33.91667'),
(2458, 229, 'Kakiri', '0.42306', '32.375'),
(2459, 229, 'Kakira', '0.50833', '33.28778'),
(2460, 229, 'Kajansi', '0.20806', '32.52222'),
(2461, 229, 'Kaikamosi', '1.85', '34.13333'),
(2462, 229, 'Kaianja', '-0.48333', '30.96667'),
(2463, 229, 'Kagulu', '1.8', '33.25'),
(2464, 229, 'Kadinya', '1.8', '33.31667'),
(2465, 229, 'Kachusi', '1.41667', '34.21667'),
(2466, 229, 'Kabwohe', '-0.61917', '30.44361'),
(2467, 229, 'Kabwangasi', '1.11972', '34.10639'),
(2468, 229, 'Kabuyayi', '1.18333', '33.95'),
(2469, 229, 'Kabunyata', '1.05', '32.71667'),
(2470, 229, 'Kabende', '0.21667', '31.21667'),
(2471, 229, 'Kabare', '-0.3', '30.56667'),
(2472, 229, 'Kabalang', '2', '33.3'),
(2473, 229, 'Kabahango', '-0.08333', '29.76667'),
(2474, 229, 'Kazi', '0.20056', '32.61417'),
(2475, 229, 'Iwemba', '0.60417', '33.81083'),
(2476, 229, 'Ishasha', '-0.76583', '29.65333'),
(2477, 229, 'Inomo', '2.06667', '32.68333'),
(2478, 229, 'Iki Iki', '1.08417', '34.0125'),
(2479, 229, 'Idia', '2.18333', '33.68333'),
(2480, 229, 'Icheme', '2.43333', '32.61667'),
(2481, 229, 'Ibulanku', '0.59333', '33.6'),
(2482, 229, 'Ibuje', '1.88917', '32.38083'),
(2483, 229, 'Gurumu', '2.96667', '31.35'),
(2484, 229, 'Gama', '1.73333', '33.56667'),
(2485, 229, 'Ekobatum', '2.13333', '33.83333'),
(2486, 229, 'Dusandala', '0.68333', '31.25'),
(2487, 229, 'Doya', '1.63333', '33.06667'),
(2488, 229, 'Dokolo', '1.9', '33.71667'),
(2489, 229, 'Dodos', '1.95', '33.76667'),
(2490, 229, 'Degaya', '-0.38333', '32.3'),
(2491, 229, 'Dakabela', '1.9', '33.61667'),
(2492, 229, 'Chiko', '0.56917', '33.26556'),
(2493, 229, 'Bwongyera', '-0.81667', '30.1'),
(2494, 229, 'Bwizi', '0.40333', '30.6875'),
(2495, 229, 'Bwala', '1.03333', '32.8'),
(2496, 229, 'Bwajale', '1', '31.2'),
(2497, 229, 'Bwaise', '0.35083', '32.56694'),
(2498, 229, 'Buzzi', '0.15', '32.53333'),
(2499, 229, 'Buyira', '0.03333', '32.43333'),
(2500, 229, 'Buwolya', '0.41667', '33.81667'),
(2501, 229, 'Buwaya', '0.26667', '32.68333'),
(2502, 229, 'Buwalasi', '1.18333', '34.23333'),
(2503, 229, 'Butuntumula', '0.86667', '32.48333'),
(2504, 229, 'Butiaba', '1.81139', '31.33056'),
(2505, 229, 'Butesa', '0.88917', '34.00417'),
(2506, 229, 'Butebe', '0.35', '31.98333'),
(2507, 229, 'Butangazi', '0.36917', '34.01167'),
(2508, 229, 'Busolwe', '0.84111', '33.92028'),
(2509, 229, 'Busobo', '0.36667', '34.08333'),
(2510, 229, 'Busiro', '0.63944', '33.31889'),
(2511, 229, 'Busikho', '0.38917', '34.03389'),
(2512, 229, 'Busaru', '0.66667', '30.05'),
(2513, 229, 'Bupoto', '0.9', '34.35'),
(2514, 229, 'Bumunji', '0.39333', '34.07833'),
(2515, 229, 'Bumozi', '0.68333', '33.65'),
(2516, 229, 'Bulyango', '1.63333', '31.55'),
(2517, 229, 'Bulyaikubi', '1', '33.51667'),
(2518, 229, 'Bulucheke', '1.03333', '34.38333'),
(2519, 229, 'Bulolo', '0.95', '33.73333'),
(2520, 229, 'Bulindo', '0.43333', '32.63333'),
(2521, 229, 'Bukutaituba', '1.1', '33.38333'),
(2522, 229, 'Bukuku', '0.56667', '32.26667'),
(2523, 229, 'Bukoto', '0.35', '32.6'),
(2524, 229, 'Bukhasaba', '0.36833', '34.03056'),
(2525, 229, 'Bukalasi', '1.00528', '34.40111'),
(2526, 229, 'Bukakata', '-0.3', '32.03333'),
(2527, 229, 'Bujumba', '-0.33333', '32.28333'),
(2528, 229, 'Bujugu', '1.18333', '33.43333'),
(2529, 229, 'Bugomola', '-0.91667', '31.38333'),
(2530, 229, 'Bugeyuwa', '0.9', '33.03333'),
(2531, 229, 'Bugeye', '1.11667', '32.26667'),
(2532, 229, 'Bugera', '-0.91667', '31.71667'),
(2533, 229, 'Bugaya', '0.61667', '33.31667'),
(2534, 229, 'Buganja', '0.73333', '33.93333'),
(2535, 229, 'Bugamba', '-0.74083', '30.52333'),
(2536, 229, 'Budini', '0.91667', '33.51667'),
(2537, 229, 'Bude', '0.28194', '33.96111'),
(2538, 229, 'Budde', '0.11667', '32.18333'),
(2539, 229, 'Budali', '1.08333', '32.95'),
(2540, 229, 'Buchundura', '-1.05', '29.95'),
(2541, 229, 'Bubohi', '0.58333', '33.93333'),
(2542, 229, 'Bubbala', '0.66667', '33.65'),
(2543, 229, 'Bubale', '0.16667', '32.28333'),
(2544, 229, 'Bomwege', '0.86667', '34.43333'),
(2545, 229, 'Bombo', '0.57387', '32.51545'),
(2546, 229, 'Bizinza', '-0.26667', '30.98333'),
(2547, 229, 'Biso', '1.75639', '31.42083'),
(2548, 229, 'Batambogwe', '0.55', '33.4'),
(2549, 229, 'Bamunanika', '0.68833', '32.60778'),
(2550, 229, 'Bageza', '0.55', '31.35'),
(2551, 229, 'Ayavu', '2.9', '31.2'),
(2552, 229, 'Awojaitoi', '2.18333', '33.55'),
(2553, 229, 'Awaliwali', '1.8', '33.73333'),
(2554, 229, 'Aukoto', '0.78333', '34.18333'),
(2555, 229, 'Atutur', '1.45', '33.98333'),
(2556, 229, 'Asinge', '1.83333', '33.81667'),
(2557, 229, 'Asinge', '0.73333', '34.25'),
(2558, 229, 'Asilang', '1.93333', '33.8'),
(2559, 229, 'Asilang', '1.9', '33.81667'),
(2560, 229, 'Asalatap', '1.86667', '33.76667'),
(2561, 229, 'Aryawo', '1.9', '33.98333'),
(2562, 229, 'Aringa', '3.43333', '31.18333'),
(2563, 229, 'Ariet', '1.4', '33.88333'),
(2564, 229, 'Apokoro', '1.85', '33.38333'),
(2565, 229, 'Apokor', '0.70917', '34.24556'),
(2566, 229, 'Apokin', '1.41667', '34'),
(2567, 229, 'Apeduru', '2.05', '33.68333'),
(2568, 229, 'Apapai', '2.03333', '33.3'),
(2569, 229, 'Anyia', '1.75', '33.7'),
(2570, 229, 'Anyeke', '2.36861', '32.51639'),
(2571, 229, 'Anyara', '2', '33.31667'),
(2572, 229, 'Anyangalong', '2.21667', '33.8'),
(2573, 229, 'Anyalai', '1.91667', '33.55'),
(2574, 229, 'Angorom', '2.11667', '33.4'),
(2575, 229, 'Angorom', '1.83333', '33.88333'),
(2576, 229, 'Angodingodi', '1.8', '33.96667'),
(2577, 229, 'Angal', '2.43333', '31.18333'),
(2578, 229, 'Andruvu', '3.03333', '30.91667'),
(2579, 229, 'Amuryei', '1.93333', '33.25'),
(2580, 229, 'Amucu', '2.11667', '33.7'),
(2581, 229, 'Amitina', '1.98333', '33.81667'),
(2582, 229, 'Aminit', '1.75', '33.55'),
(2583, 229, 'Amilmil', '2.08333', '33.6'),
(2584, 229, 'Amenya', '1.4', '33.83333'),
(2585, 229, 'Amenu', '1.68333', '34.1'),
(2586, 229, 'Amemya', '2.23333', '33.68333'),
(2587, 229, 'Amarwasi', '2.18333', '33.76667'),
(2588, 229, 'Alyamese', '1.68333', '33.15'),
(2589, 229, 'Alukuchoko', '1.8', '33.91667'),
(2590, 229, 'Aloet', '1.76667', '33.65'),
(2591, 229, 'Alira', '2.03333', '32.73333'),
(2592, 229, 'Alengbelo', '2.61667', '31.13333'),
(2593, 229, 'Akyeriau', '2.03333', '33.38333'),
(2594, 229, 'Akweyi', '1.61667', '33.03333'),
(2595, 229, 'Akum', '2', '33.3'),
(2596, 229, 'Akore', '2.01667', '33.75'),
(2597, 229, 'Akolodong', '1.95', '33.11667'),
(2598, 229, 'Akademothy', '2.98333', '34.18333'),
(2599, 229, 'Ajonyi', '1.81667', '33.55'),
(2600, 229, 'Ajikidaki', '1.83333', '33.63333'),
(2601, 229, 'Agurut', '1.43333', '33.9'),
(2602, 229, 'Agur', '2.43333', '32.93333'),
(2603, 229, 'Agirigiroi', '1.93333', '33.61667'),
(2604, 229, 'Adome', '1.76667', '33.75'),
(2605, 229, 'Adola', '2.23333', '33.61667'),
(2606, 229, 'Adjugopi', '3.41667', '31.91667'),
(2607, 229, 'Adiegi', '2.11667', '32.45'),
(2608, 229, 'Achomai', '2.01667', '33.58333'),
(2609, 229, 'Achedepel', '2.03333', '33.85'),
(2610, 229, 'Achamidako', '1.65', '32.96667'),
(2611, 229, 'Aburuburu', '1.91667', '33.23333'),
(2612, 229, 'Abola', '1.75', '33.31667'),
(2613, 229, 'Aberipila', '1.96667', '33.3'),
(2614, 229, 'Aber', '2.18722', '32.34944'),
(2615, 229, 'Abata', '1.7', '33.15'),
(2616, 229, 'Abarilela', '1.98333', '33.83333'),
(2617, 229, 'Abari', '1.76667', '33.43333'),
(2618, 229, 'Abalkweru', '1.75', '33.15'),
(2619, 229, 'Abaler', '1.63333', '32.9'),
(2620, 229, 'Abakule', '2.21667', '33.48333'),
(2621, 229, 'Kitubulu', '0.09194', '32.49778'),
(2622, 229, 'Margherita', '0.41861', '29.89111'),
(2623, 229, 'Mahagi Port', '2.155', '31.24333'),
(2624, 229, 'Zintengeze', '0.5', '32.98333'),
(2625, 229, 'Zeu', '2.50861', '30.81778'),
(2626, 229, 'War', '2.59778', '30.89972'),
(2627, 229, 'Wamala', '0.06667', '31.9'),
(2628, 229, 'Wol', '3.08833', '33.25361'),
(2629, 229, 'Vurra', '2.93472', '30.9125'),
(2630, 229, 'Uleppi', '2.77389', '31.05111'),
(2631, 229, 'Tuskini', '1.41667', '34.53333'),
(2632, 229, 'Tugumu', '1.43333', '34.53333'),
(2633, 229, 'Tilling', '1.41667', '33.71667'),
(2634, 229, 'Tabagonyi', '1.46667', '34.4'),
(2635, 229, 'Sona', '0.55', '33'),
(2636, 229, 'Sinyu', '2.7', '34.3'),
(2637, 229, 'Senene', '0.20222', '32.14694'),
(2638, 229, 'Seta', '0.37583', '32.70556'),
(2639, 229, 'Sunga', '-0.54694', '30.61889'),
(2640, 229, 'Salami', '2.35', '33.55'),
(2641, 229, 'Rwentobo', '-1.18944', '30.19472'),
(2642, 229, 'Rwengwe', '-0.35', '30.41667'),
(2643, 229, 'Rwebishengo', '1.05', '30.26667'),
(2644, 229, 'Rutoma', '-0.56667', '30.38333'),
(2645, 229, 'Rumogi', '3.53639', '31.36806'),
(2646, 229, 'Rukoni', '-0.93417', '30.49389'),
(2647, 229, 'Rukiri', '-0.32028', '30.41917'),
(2648, 229, 'Ruhanga', '-0.80111', '30.26417'),
(2649, 229, 'Rubaya', '-1.41667', '29.95'),
(2650, 229, 'Rubaya', '-0.45917', '30.66972'),
(2651, 229, 'Ragem', '2.635', '31.38722'),
(2652, 229, 'Purongo', '2.56667', '31.8'),
(2653, 229, 'Pingire', '1.35694', '33.36'),
(2654, 229, 'Patongo', '2.74472', '33.32417'),
(2655, 229, 'Parabong', '2.9', '33.26667'),
(2656, 229, 'Panyimur', '2.28528', '31.34528'),
(2657, 229, 'Panyangara', '2.96833', '34.13611'),
(2658, 229, 'Pandera', '2.4', '31.68333'),
(2659, 229, 'Pakelle', '3.34472', '31.89417'),
(2660, 229, 'Pabone', '0.58333', '33.98333'),
(2661, 229, 'Owinyi', '1.41667', '33.58333'),
(2662, 229, 'Osuguru', '1.51667', '33.41667'),
(2663, 229, 'Orupe', '1.48333', '33.55'),
(2664, 229, 'Orumo', '2.385', '33.35833'),
(2665, 229, 'Opot', '1.36667', '33.66667'),
(2666, 229, 'Omugo', '3.2675', '31.14306'),
(2667, 229, 'Omolotok', '1.48333', '33.38333'),
(2668, 229, 'Omid', '2.03333', '33.35'),
(2669, 229, 'Omagara', '1.45', '33.46667'),
(2670, 229, 'Old Nariam', '1.92917', '34.10806'),
(2671, 229, 'Okumeri', '1.53333', '33.78333'),
(2672, 229, 'Okollo', '2.66917', '31.15972'),
(2673, 229, 'Okokorio', '1.64889', '33.92083'),
(2674, 229, 'Okimenga', '1.46667', '33.36667'),
(2675, 229, 'Okeyu', '2.41667', '30.95'),
(2676, 229, 'Ogwam', '2.69083', '32.43194'),
(2677, 229, 'Ochamayom', '1.98333', '32.9'),
(2678, 229, 'Nyaravur', '2.44528', '31.21417'),
(2679, 229, 'Nyapea', '2.46028', '30.96667'),
(2680, 229, 'Nyamufumura', '-0.56667', '30.35'),
(2681, 229, 'Nyakayojo', '-0.63361', '30.61306'),
(2682, 229, 'Nyakagyeme', '-0.85889', '29.90389'),
(2683, 229, 'Nsango', '0.36667', '33.83333'),
(2684, 229, 'Nkalwe', '-0.18333', '31.6'),
(2685, 229, 'Nawanago', '0.77944', '33.15056'),
(2686, 229, 'Nansagazi', '0.11667', '32.98333'),
(2687, 229, 'Nanoko', '1.05', '33.73333'),
(2688, 229, 'Nankodo', '1.1', '33.7'),
(2689, 229, 'Namataba', '0.50194', '32.80639'),
(2690, 229, 'Nakisa', '0.38333', '33.9'),
(2691, 229, 'Nabyeso', '1.85194', '32.79556'),
(2692, 229, 'Nabusanke', '0.01139', '32.02472'),
(2693, 229, 'Nabuwigulu', '0.98056', '33.10028'),
(2694, 229, 'Mweruka', '0.98333', '31.48333'),
(2695, 229, 'Mutukula', '-0.95806', '31.39389'),
(2696, 229, 'Musenyi', '-0.48333', '31.46667'),
(2697, 229, 'Mundenge', '1.76667', '32.1'),
(2698, 229, 'Mulondo', '1.39972', '33.16111'),
(2699, 229, 'Mukura', '1.56667', '33.61667'),
(2700, 229, 'Muhokya', '0.12139', '30.01556'),
(2701, 229, 'Magalama', '1.36556', '33.21917'),
(2702, 229, 'Mucwini', '3.38361', '33.04778'),
(2703, 229, 'Mpalo', '-1.16472', '30.03778'),
(2704, 229, 'Mikyerere', '-0.63333', '30.36667'),
(2705, 229, 'Meru', '-0.15', '31.66667'),
(2706, 229, 'Mera', '0.69222', '34.26306'),
(2707, 229, 'Makondo', '-0.43917', '31.59361'),
(2708, 229, 'Maddu', '0.22222', '31.64472'),
(2709, 229, 'Lwentale', '-0.00389', '31.40361'),
(2710, 229, 'Lwenkanaga', '-0.06667', '31.71667'),
(2711, 229, 'Lwaboba', '0.86667', '34.16667'),
(2712, 229, 'Lukwemigo', '0.55', '31.16667'),
(2713, 229, 'Lugazi', '-0.2', '31.63333'),
(2714, 229, 'Lubale', '0.25', '33.36667'),
(2715, 229, 'Lothaa', '2.09222', '34.23583'),
(2716, 229, 'Loporokocho', '1.53333', '34.71667'),
(2717, 229, 'Lokopo', '2.44028', '34.3975'),
(2718, 229, 'Laufori', '3.59861', '31.63806'),
(2719, 229, 'Laboli', '1.46667', '33.25'),
(2720, 229, 'Kyembazzi', '-0.43333', '31.51667'),
(2721, 229, 'Kyebe', '-0.92722', '31.66639'),
(2722, 229, 'Kyampise', '0.3', '31.63333'),
(2723, 229, 'Kyamahungu', '-0.45139', '30.11333'),
(2724, 229, 'Kyalugaba', '-0.66667', '30.03333'),
(2725, 229, 'Kyabojonjo', '1.16667', '31.55'),
(2726, 229, 'Koich', '2.58333', '32.2'),
(2727, 229, 'Kiziranfumbi', '1.34056', '31.19972'),
(2728, 229, 'Kiwumulo', '0.50861', '31.49528'),
(2729, 229, 'Kitemi', '-0.03333', '31.75'),
(2730, 229, 'Katamiro', '0.19972', '33.2675'),
(2731, 229, 'Kisimoro', '0.56389', '30.1375'),
(2732, 229, 'Kosoko', '0.73083', '34.09278'),
(2733, 229, 'Kisenyi', '-0.33944', '29.89'),
(2734, 229, 'Kisele', '0.70417', '31.08472'),
(2735, 229, 'Kisagazi', '-0.15', '31.6'),
(2736, 229, 'Kiryanga', '1.09444', '31.05889'),
(2737, 229, 'Kiruko', '1.55', '33.2'),
(2738, 229, 'Kimbaya', '1.08333', '33.33333'),
(2739, 229, 'Kikungiri', '-1.34806', '29.99833'),
(2740, 229, 'Kikube', '1.82639', '32.02139'),
(2741, 229, 'Kigumba', '1.805', '32.01167'),
(2742, 229, 'Kifuyo', '0.38333', '33.83333'),
(2743, 229, 'Kibosi', '-0.76667', '30.16667'),
(2744, 229, 'Kibanga Port', '0.17639', '32.87583'),
(2745, 229, 'Kibale', '0.79083', '31.06333'),
(2746, 229, 'Kawula', '0.13333', '31.66667'),
(2747, 229, 'Katiriyo', '1.05', '33.75'),
(2748, 229, 'Katine', '1.88333', '33.45'),
(2749, 229, 'Katekwana', '1.21667', '34.03333'),
(2750, 229, 'Katabok', '1.76667', '34.85'),
(2751, 229, 'Kasanda', '0.55667', '31.80222'),
(2752, 229, 'Kasaka', '-0.16667', '31.56667'),
(2753, 229, 'Kasabwera', '-0.16667', '31.58333'),
(2754, 229, 'Karungu', '-0.34222', '30.47722'),
(2755, 229, 'Kaptokwoi', '1.46667', '34.43333'),
(2756, 229, 'Kanyum', '1.36111', '33.91389'),
(2757, 229, 'Kanyangana', '1.35', '33.46667'),
(2758, 229, 'Kanoni', '0.17722', '31.88111'),
(2759, 229, 'Kangota', '1.5', '33.3'),
(2760, 229, 'Kammengo', '0.14417', '32.20778'),
(2761, 229, 'Kamaanda', '-0.21667', '31.56667'),
(2762, 229, 'Kalilima', '1.46667', '33.6'),
(2763, 229, 'Kalengo', '1.58333', '33.48333'),
(2764, 229, 'Kalamai', '1.46667', '33.28333'),
(2765, 229, 'Kadunguru', '1.50639', '33.22111'),
(2766, 229, 'Kaburasaho', '1.9', '32.05'),
(2767, 229, 'Kabugoga', '0.30611', '33.14667'),
(2768, 229, 'Kabira', '-0.68333', '30.03333'),
(2769, 229, 'Kabchogin', '1.38333', '34.65'),
(2770, 229, 'Kabare', '-0.28333', '30.45'),
(2771, 229, 'Kabale', '0', '31.71667'),
(2772, 229, 'Jelele', '1.56667', '33.51667'),
(2773, 229, 'Iyingo', '1.3', '33.3'),
(2774, 229, 'Itojo', '0.85021', '30.23343'),
(2775, 229, 'Inula', '1.1', '33.3'),
(2776, 229, 'Ihungu', '1.65306', '31.72056'),
(2777, 229, 'Gweri', '1.68056', '33.75944'),
(2778, 229, 'Greek River', '1.45', '34.71667'),
(2779, 229, 'Girigiroi', '1.56667', '33.76667'),
(2780, 229, 'Erute', '2.16472', '32.925'),
(2781, 229, 'Bwangamba', '-0.51667', '30.41667'),
(2782, 229, 'Bwambara', '-0.64722', '29.82778'),
(2783, 229, 'Buyinja', '-0.21667', '31.6'),
(2784, 229, 'Buyanza', '-0.89306', '29.98028'),
(2785, 229, 'Buwaga', '0.13333', '32.98333'),
(2786, 229, 'Butokebulamu', '0.46667', '31.13333'),
(2787, 229, 'Butale', '-0.32639', '30.40111'),
(2788, 229, 'Buseete', '0.8', '33.3'),
(2789, 229, 'Burere', '-0.43694', '30.43833'),
(2790, 229, 'Bukongolo', '-0.66667', '30.08333'),
(2791, 229, 'Bujuta', '0.38333', '33.15'),
(2792, 229, 'Bujunjuzi', '0.32611', '31.5725'),
(2793, 229, 'Bugondo', '1.59056', '33.30056'),
(2794, 229, 'Bugombe', '-0.07972', '32.76139'),
(2795, 229, 'Bugalama', '-0.4925', '30.265'),
(2796, 229, 'Bufundi', '-1.345', '29.85028'),
(2797, 229, 'Bitibyamukasa', '0.28333', '31.56667'),
(2798, 229, 'Birinuma', '-0.43333', '31.35'),
(2799, 229, 'Binyin', '1.41667', '34.53333'),
(2800, 229, 'Bilefe', '3.06722', '31.105'),
(2801, 229, 'Balimanyankya', '-0.4', '31.41667'),
(2802, 229, 'Atyak', '2.58333', '30.93333'),
(2803, 229, 'Atira', '1.57667', '33.51556'),
(2804, 229, 'Asiranyi', '1.56667', '33.56667'),
(2805, 229, 'Abala', '2.38278', '33.045'),
(2806, 229, 'Amach', '2.09833', '33.01611'),
(2807, 229, 'Aloet', '1.70222', '33.29167'),
(2808, 229, 'Alero', '2.70694', '32.05028'),
(2809, 229, 'Alebtong', '2.24472', '33.25472'),
(2810, 229, 'Akum', '1.59139', '34.04889'),
(2811, 229, 'Ajeruk', '1.55', '33.81667'),
(2812, 229, 'Agwiciri', '2.13333', '32.75'),
(2813, 229, 'Agermach', '2.56667', '30.86667'),
(2814, 229, 'Aduku', '1.9975', '32.71694'),
(2815, 229, 'Adachal', '2.04861', '34.05222'),
(2816, 229, 'Achomya', '1.41667', '33.45'),
(2817, 229, 'Acholibur', '3.12583', '32.91972'),
(2818, 229, 'Nyarubara', '-1.33333', '30.01667'),
(2819, 229, 'Zombo', '2.51667', '30.91667'),
(2820, 229, 'Ziru', '0.15', '32.5'),
(2821, 229, 'Zirobwe', '0.67944', '32.68944'),
(2822, 229, 'Zira', '0.45', '32.16667'),
(2823, 229, 'Zimwe', '-0.51667', '31.75'),
(2824, 229, 'Zimudi', '0.41667', '32.31667'),
(2825, 229, 'Zigulu', '0.53333', '32.86667'),
(2826, 229, 'Ziba', '0.25', '32.95'),
(2827, 229, 'Ziba', '0.1', '32.36667'),
(2828, 229, 'Zengebe', '1.48333', '32.51667'),
(2829, 229, 'Zanyiro', '0.76667', '31.8'),
(2830, 229, 'Zaipi', '3.4', '31.98333'),
(2831, 229, 'Yoyo', '3.4', '31.31667'),
(2832, 229, 'Yivu', '3.28333', '31'),
(2833, 229, 'Yivu', '3.26667', '30.98333'),
(2834, 229, 'Yidu', '3.23333', '31.11667'),
(2835, 229, 'Yenga', '0.85', '30.01667'),
(2836, 229, 'Yamu', '2.58333', '30.91667'),
(2837, 229, 'Wunga', '0.98333', '32.91667'),
(2838, 229, 'Wiria', '3.05', '31.43333'),
(2839, 229, 'Wila', '2.1', '33.65'),
(2840, 229, 'Wigweng', '1.93556', '32.69972'),
(2841, 229, 'Wiawer', '2.68167', '33.66944'),
(2842, 229, 'Wesunire', '1.23333', '33.16667'),
(2843, 229, 'Wera', '1.84111', '33.76611'),
(2844, 229, 'Wekomire', '0.45', '31.01667'),
(2845, 229, 'Watuba', '1.01556', '31.69028'),
(2846, 229, 'Watuba', '0.6', '32.1'),
(2847, 229, 'Watuba', '0', '31.93333'),
(2848, 229, 'Watoke', '1.61667', '32.26667'),
(2849, 229, 'Wasa', '0.78333', '30.25'),
(2850, 229, 'Wansolo', '1.68333', '32.5'),
(2851, 229, 'Wanseko', '2.18333', '31.38333'),
(2852, 229, 'Wankata', '0.26667', '32.9'),
(2853, 229, 'Wankaka', '1.4', '32.16667'),
(2854, 229, 'Wanjagi', '0.8', '32.65'),
(2855, 229, 'Wangobo', '0.7', '33.68333'),
(2856, 229, 'Wangkwar', '2.41917', '31.79472'),
(2857, 229, 'Wanfufu', '0.96667', '32.71667'),
(2858, 229, 'Wandulu', '0.7', '32.83333'),
(2859, 229, 'Wandica', '3.06667', '31.1'),
(2860, 229, 'Wandi', '3.1075', '31.00028'),
(2861, 229, 'Wandegeya', '0.35', '33.55'),
(2862, 229, 'Wandala', '0.5', '33.51667'),
(2863, 229, 'Wandagi', '0.85', '32.1'),
(2864, 229, 'Wananda', '0.15', '32.11667'),
(2865, 229, 'Wamusenyi', '1.8', '32.16667'),
(2866, 229, 'Wamulongo', '0.5', '33.53333'),
(2867, 229, 'Wamukende', '1.35', '32.25'),
(2868, 229, 'Wampologoma', '0.8', '33.01667'),
(2869, 229, 'Wampendo', '0.55', '33.53333'),
(2870, 229, 'Wamfuru', '0.91667', '30.53333'),
(2871, 229, 'Wamala', '0.13333', '31.63333'),
(2872, 229, 'Walykubya', '1.83333', '31.38333'),
(2873, 229, 'Walukota', '1.18333', '32.63333'),
(2874, 229, 'Walabungo', '1.45', '32.26667'),
(2875, 229, 'Wakyato', '0.87444', '32.20472'),
(2876, 229, 'Wakisani', '1.63333', '32.01667'),
(2877, 229, 'Waki', '1.8', '31.31667'),
(2878, 229, 'Wakayiba', '0.63333', '31.61667'),
(2879, 229, 'Wakawungu', '0.4', '33.5'),
(2880, 229, 'Wakatanga', '0.66667', '33.6'),
(2881, 229, 'Wakasimba', '1.15', '32.48333'),
(2882, 229, 'Wakasimba', '1.1', '32.45'),
(2883, 229, 'Waka', '3.11667', '31.43333'),
(2884, 229, 'Wajala', '1.38333', '32.53333'),
(2885, 229, 'Waiswa', '0.55', '33.51667'),
(2886, 229, 'Wairaka', '0.48333', '33.28333'),
(2887, 229, 'Waikalakaka', '0.38333', '33.7'),
(2888, 229, 'Waigalo', '0.95', '33.51667'),
(2889, 229, 'Waigala', '0.33333', '33.4'),
(2890, 229, 'Waibuga', '0.62889', '33.385'),
(2891, 229, 'Waibalaibi', '1.61667', '32.7'),
(2892, 229, 'Wagala', '0.41667', '32.91667'),
(2893, 229, 'Wabusana', '1.11667', '32.6'),
(2894, 229, 'Wabulungu', '0.48333', '33.31667'),
(2895, 229, 'Wabulenga', '0.48389', '33.21028'),
(2896, 229, 'Wabukala', '1.53333', '32.23333'),
(2897, 229, 'Wabiyinja', '0.33333', '32.08333'),
(2898, 229, 'Wabitoki', '1.73333', '32.03333'),
(2899, 229, 'Wabisi', '1.43333', '32.45'),
(2900, 229, 'Wabinyonyi', '1.3', '32.46667'),
(2901, 229, 'Wabinwa', '1.53333', '32.58333'),
(2902, 229, 'Wabigalo', '1.26667', '32.45'),
(2903, 229, 'Wabigali', '1', '32.71667'),
(2904, 229, 'Wabibo', '0.1', '31.81667'),
(2905, 229, 'Vur', '2.51667', '31.18333'),
(2906, 229, 'Vumba', '0.93333', '31.73333'),
(2907, 229, 'Vumba', '0.6', '32.68333'),
(2908, 229, 'Vumba', '0.3', '32.9'),
(2909, 229, 'Vukula', '0.94333', '33.6225'),
(2910, 229, 'Virika', '0.63333', '30.28333'),
(2911, 229, 'Villa Maria', '-0.20444', '31.71917'),
(2912, 229, 'Uzu', '3.05', '30.85'),
(2913, 229, 'Utumbari', '3.26667', '31.15'),
(2914, 229, 'Utrutru', '2.80972', '31.20833'),
(2915, 229, 'Usuku', '1.98833', '33.97167'),
(2916, 229, 'Unyama', '2.82056', '32.36889'),
(2917, 229, 'Umi', '3.53333', '31.81667'),
(2918, 229, 'Uluko', '3.03333', '31'),
(2919, 229, 'Udupi', '3.3', '31.16667'),
(2920, 229, 'Tyabire', '0.11667', '32.31667'),
(2921, 229, 'Tweyanze', '1.3', '32.08333'),
(2922, 229, 'Tweyanze', '0.73333', '32.56667'),
(2923, 229, 'Twalek', '1.35', '34.7'),
(2924, 229, 'Turupok', '1.56667', '32.63333'),
(2925, 229, 'Turukang', '1.65', '32.73333'),
(2926, 229, 'Tumbo', '0.33444', '32.18833'),
(2927, 229, 'Tumba', '1.55', '32.4'),
(2928, 229, 'Tula', '0.4', '32.55'),
(2929, 229, 'Tuba', '0.80333', '34.17167'),
(2930, 229, 'Ttaba', '0.2', '32.4'),
(2931, 229, 'Torote', '3.35', '33.48333'),
(2932, 229, 'Torome', '3.25', '31'),
(2933, 229, 'Toroma', '1.725', '33.96111'),
(2934, 229, 'Tonya', '1.58333', '31.08333'),
(2935, 229, 'Tongo', '0.78333', '32.73333'),
(2936, 229, 'Tondolo', '3.2', '31.1'),
(2937, 229, 'Tondola', '0.16667', '31.9'),
(2938, 229, 'Tomi', '0.68333', '32.75'),
(2939, 229, 'Tolwe', '1.6', '32.23333'),
(2940, 229, 'Tokaru', '3.36667', '31.46667'),
(2941, 229, 'Titim', '3.4', '33.63333'),
(2942, 229, 'Tira', '0.51667', '34.08333'),
(2943, 229, 'Timba', '0.65', '32.71667'),
(2944, 229, 'Terinyi', '1', '33.76667'),
(2945, 229, 'Tente', '0.73333', '32.88333'),
(2946, 229, 'Temangalo', '0.36667', '32.46667'),
(2947, 229, 'Telamot', '1.78333', '33.7'),
(2948, 229, 'Teilwa', '1.9', '32.7'),
(2949, 229, 'Teginya', '0.23333', '31.96667'),
(2950, 229, 'Tegeress', '1.38333', '34.4'),
(2951, 229, 'Tegaligwa', '0.15', '31.61667'),
(2952, 229, 'Teboke', '1.81667', '32.3'),
(2953, 229, 'Tebito', '2.41667', '31.76667'),
(2954, 229, 'Tebalowoza', '0.38333', '32.96667'),
(2955, 229, 'Tata', '2.51667', '31.1'),
(2956, 229, 'Tarogali', '1.81667', '32.33333'),
(2957, 229, 'Tara', '3.31667', '31.03333'),
(2958, 229, 'Tangala', '3.05', '31.13333'),
(2959, 229, 'Tamu', '0.38333', '32.1'),
(2960, 229, 'Takajunge', '0.38333', '32.76667'),
(2961, 229, 'Tademeri', '0.99028', '33.96972'),
(2962, 229, 'Taba', '0.2', '32.01667'),
(2963, 229, 'Swagere', '1.56667', '33'),
(2964, 229, 'Supa', '1.16667', '33.73333'),
(2965, 229, 'Suni', '0.95', '33.9'),
(2966, 229, 'Sunga', '0.92722', '30.87639'),
(2967, 229, 'Sunga', '0.56667', '31.25'),
(2968, 229, 'Sunga', '-0.30111', '31.88083'),
(2969, 229, 'Sunga', '-0.1', '31.85'),
(2970, 229, 'Sukulu', '0.66028', '34.15361'),
(2971, 229, 'Suguru', '1.78333', '33.83333'),
(2972, 229, 'Sugu', '0.26667', '32.96667'),
(2973, 229, 'Sugu', '0.23333', '32.7'),
(2974, 229, 'Sugu', '0.16667', '32.93333'),
(2975, 229, 'Suam', '1.21667', '34.71667'),
(2976, 229, 'Ssenya', '-0.38333', '31.65'),
(2977, 229, 'Sopsop', '0.83333', '34.06667'),
(2978, 229, 'Sonso', '1.66667', '31.58333'),
(2979, 229, 'Soni', '0.76667', '33.95'),
(2980, 229, 'Sonde', '0.4', '32.7'),
(2981, 229, 'Sokolo', '0.2', '32.41667'),
(2982, 229, 'Sogolelo', '0.66667', '32.03333'),
(2983, 229, 'Sobya', '1.26667', '32.85'),
(2984, 229, 'Situi', '0.88333', '34.33333'),
(2985, 229, 'Sisa', '0.17417', '32.47694'),
(2986, 229, 'Sipi', '1.30972', '34.37417'),
(2987, 229, 'Singya', '1.31667', '32.25'),
(2988, 229, 'Simu', '1.3', '34.3'),
(2989, 229, 'Simbli', '3.26667', '30.88333'),
(2990, 229, 'Simba', '-0.85', '31.51667'),
(2991, 229, 'Silobera', '0.63333', '32.03333'),
(2992, 229, 'Silobera', '0.58333', '31.96667'),
(2993, 229, 'Sikye', '1.31667', '32.4'),
(2994, 229, 'Sikuda', '0.48333', '34.05'),
(2995, 229, 'Sikakoko', '0.96667', '31.2'),
(2996, 229, 'Sigogwesere', '1.01667', '32.21667'),
(2997, 229, 'Siggi', '0.25', '32.23333'),
(2998, 229, 'Sifuyo', '0.37111', '33.97028'),
(2999, 229, 'Shuku', '-0.67083', '30.32389'),
(3000, 229, 'Seta', '0.53833', '33.04111');

-- --------------------------------------------------------

--
-- Table structure for table `clickatell`
--

CREATE TABLE IF NOT EXISTS `clickatell` (
  `id` int(11) unsigned NOT NULL AUTO_INCREMENT,
  `clickatell_key` varchar(100) DEFAULT NULL,
  `clickatell_api` varchar(100) DEFAULT NULL,
  `clickatell_username` varchar(100) DEFAULT NULL,
  `clickatell_password` varchar(100) DEFAULT NULL,
  PRIMARY KEY (`id`)
) ENGINE=InnoDB  DEFAULT CHARSET=utf8 AUTO_INCREMENT=2 ;

--
-- Dumping data for table `clickatell`
--

INSERT INTO `clickatell` (`id`, `clickatell_key`, `clickatell_api`, `clickatell_username`, `clickatell_password`) VALUES
(1, 'EWFPSH6Y', NULL, NULL, NULL);

-- --------------------------------------------------------

--
-- Table structure for table `cluster`
--

CREATE TABLE IF NOT EXISTS `cluster` (
  `id` int(11) NOT NULL,
  `location_id` bigint(20) NOT NULL DEFAULT '0',
  `latitude` double NOT NULL,
  `longitude` double NOT NULL,
  `latitude_min` double NOT NULL,
  `longitude_min` double NOT NULL,
  `latitude_max` double NOT NULL,
  `longitude_max` double NOT NULL,
  `child_count` int(11) NOT NULL,
  `parent_id` int(11) NOT NULL,
  `left_side` int(11) NOT NULL,
  `right_side` int(11) NOT NULL,
  `level` int(11) NOT NULL,
  `incident_id` bigint(20) NOT NULL DEFAULT '0',
  `incident_title` varchar(255) DEFAULT NULL,
  `incident_date` int(10) NOT NULL DEFAULT '0',
  `category_id` int(11) unsigned NOT NULL DEFAULT '0',
  `category_color` varchar(20) NOT NULL DEFAULT '990000',
  PRIMARY KEY (`id`)
) ENGINE=MyISAM DEFAULT CHARSET=utf8;

--
-- Dumping data for table `cluster`
--


-- --------------------------------------------------------

--
-- Table structure for table `comment`
--

CREATE TABLE IF NOT EXISTS `comment` (
  `id` bigint(20) unsigned NOT NULL AUTO_INCREMENT,
  `incident_id` bigint(20) NOT NULL,
  `user_id` int(11) DEFAULT '0',
  `comment_author` varchar(100) DEFAULT NULL,
  `comment_email` varchar(120) DEFAULT NULL,
  `comment_description` text,
  `comment_ip` varchar(100) DEFAULT NULL,
  `comment_rating` varchar(15) NOT NULL DEFAULT '0',
  `comment_spam` tinyint(4) NOT NULL DEFAULT '0',
  `comment_active` tinyint(4) NOT NULL DEFAULT '0',
  `comment_date` datetime DEFAULT NULL,
  `comment_date_gmt` datetime DEFAULT NULL,
  PRIMARY KEY (`id`)
) ENGINE=MyISAM DEFAULT CHARSET=utf8 AUTO_INCREMENT=1 ;

--
-- Dumping data for table `comment`
--


-- --------------------------------------------------------

--
-- Table structure for table `country`
--

CREATE TABLE IF NOT EXISTS `country` (
  `id` int(11) NOT NULL AUTO_INCREMENT,
  `iso` varchar(10) DEFAULT NULL,
  `country` varchar(100) DEFAULT NULL,
  `capital` varchar(100) DEFAULT NULL,
  `cities` tinyint(4) NOT NULL DEFAULT '0',
  PRIMARY KEY (`id`)
) ENGINE=MyISAM  DEFAULT CHARSET=utf8 AUTO_INCREMENT=248 ;

--
-- Dumping data for table `country`
--

INSERT INTO `country` (`id`, `iso`, `country`, `capital`, `cities`) VALUES
(1, 'AD', 'Andorra', 'Andorra la Vella', 0),
(2, 'AE', 'United Arab Emirates', 'Abu Dhabi', 0),
(3, 'AF', 'Afghanistan', 'Kabul', 0),
(4, 'AG', 'Antigua and Barbuda', 'St. John''s', 0),
(5, 'AI', 'Anguilla', 'The Valley', 0),
(6, 'AL', 'Albania', 'Tirana', 0),
(7, 'AM', 'Armenia', 'Yerevan', 0),
(8, 'AN', 'Netherlands Antilles', 'Willemstad', 0),
(9, 'AO', 'Angola', 'Luanda', 0),
(10, 'AQ', 'Antarctica', '', 0),
(11, 'AR', 'Argentina', 'Buenos Aires', 0),
(12, 'AS', 'American Samoa', 'Pago Pago', 0),
(13, 'AT', 'Austria', 'Vienna', 0),
(14, 'AU', 'Australia', 'Canberra', 0),
(15, 'AW', 'Aruba', 'Oranjestad', 0),
(16, 'AX', 'Aland Islands', 'Mariehamn', 0),
(17, 'AZ', 'Azerbaijan', 'Baku', 0),
(18, 'BA', 'Bosnia and Herzegovina', 'Sarajevo', 0),
(19, 'BB', 'Barbados', 'Bridgetown', 0),
(20, 'BD', 'Bangladesh', 'Dhaka', 0),
(21, 'BE', 'Belgium', 'Brussels', 0),
(22, 'BF', 'Burkina Faso', 'Ouagadougou', 0),
(23, 'BG', 'Bulgaria', 'Sofia', 0),
(24, 'BH', 'Bahrain', 'Manama', 0),
(25, 'BI', 'Burundi', 'Bujumbura', 0),
(26, 'BJ', 'Benin', 'Porto-Novo', 0),
(27, 'BL', 'Saint Barthlemy', 'Gustavia', 0),
(28, 'BM', 'Bermuda', 'Hamilton', 0),
(29, 'BN', 'Brunei', 'Bandar Seri Begawan', 0),
(30, 'BO', 'Bolivia', 'La Paz', 0),
(31, 'BR', 'Brazil', 'Braslia', 0),
(32, 'BS', 'Bahamas', 'Nassau', 0),
(33, 'BT', 'Bhutan', 'Thimphu', 0),
(34, 'BV', 'Bouvet Island', '', 0),
(35, 'BW', 'Botswana', 'Gaborone', 0),
(36, 'BY', 'Belarus', 'Minsk', 0),
(37, 'BZ', 'Belize', 'Belmopan', 0),
(38, 'CA', 'Canada', 'Ottawa', 0),
(39, 'CC', 'Cocos Islands', 'West Island', 0),
(40, 'CD', 'Democratic Republic of the Congo', 'Kinshasa', 0),
(41, 'CF', 'Central African Republic', 'Bangui', 0),
(42, 'CG', 'Congo Brazzavile', 'Brazzaville', 0),
(43, 'CH', 'Switzerland', 'Berne', 0),
(44, 'CI', 'Ivory Coast', 'Yamoussoukro', 0),
(45, 'CK', 'Cook Islands', 'Avarua', 0),
(46, 'CL', 'Chile', 'Santiago', 0),
(47, 'CM', 'Cameroon', 'Yaound', 0),
(48, 'CN', 'China', 'Beijing', 0),
(49, 'CO', 'Colombia', 'Bogot', 0),
(50, 'CR', 'Costa Rica', 'San Jos', 0),
(51, 'CS', 'Serbia and Montenegro', 'Belgrade', 0),
(52, 'CU', 'Cuba', 'Havana', 0),
(53, 'CV', 'Cape Verde', 'Praia', 0),
(54, 'CX', 'Christmas Island', 'Flying Fish Cove', 0),
(55, 'CY', 'Cyprus', 'Nicosia', 0),
(56, 'CZ', 'Czech Republic', 'Prague', 0),
(57, 'DE', 'Germany', 'Berlin', 0),
(58, 'DJ', 'Djibouti', 'Djibouti', 0),
(59, 'DK', 'Denmark', 'Copenhagen', 0),
(60, 'DM', 'Dominica', 'Roseau', 0),
(61, 'DO', 'Dominican Republic', 'Santo Domingo', 0),
(62, 'DZ', 'Algeria', 'Algiers', 0),
(63, 'EC', 'Ecuador', 'Quito', 0),
(64, 'EE', 'Estonia', 'Tallinn', 0),
(65, 'EG', 'Egypt', 'Cairo', 0),
(66, 'EH', 'Western Sahara', 'El-Aaiun', 0),
(67, 'ER', 'Eritrea', 'Asmara', 0),
(68, 'ES', 'Spain', 'Madrid', 0),
(69, 'ET', 'Ethiopia', 'Addis Ababa', 0),
(70, 'FI', 'Finland', 'Helsinki', 0),
(71, 'FJ', 'Fiji', 'Suva', 0),
(72, 'FK', 'Falkland Islands', 'Stanley', 0),
(73, 'FM', 'Micronesia', 'Palikir', 0),
(74, 'FO', 'Faroe Islands', 'Trshavn', 0),
(75, 'FR', 'France', 'Paris', 0),
(76, 'GA', 'Gabon', 'Libreville', 0),
(77, 'GB', 'United Kingdom', 'London', 0),
(78, 'GD', 'Grenada', 'St. George''s', 0),
(79, 'GE', 'Georgia', 'Tbilisi', 0),
(80, 'GF', 'French Guiana', 'Cayenne', 0),
(81, 'GG', 'Guernsey', 'St Peter Port', 0),
(82, 'GH', 'Ghana', 'Accra', 0),
(83, 'GI', 'Gibraltar', 'Gibraltar', 0),
(84, 'GL', 'Greenland', 'Nuuk', 0),
(85, 'GM', 'Gambia', 'Banjul', 0),
(86, 'GN', 'Guinea', 'Conakry', 0),
(87, 'GP', 'Guadeloupe', 'Basse-Terre', 0),
(88, 'GQ', 'Equatorial Guinea', 'Malabo', 0),
(89, 'GR', 'Greece', 'Athens', 0),
(90, 'GS', 'South Georgia and the South Sandwich Islands', 'Grytviken', 0),
(91, 'GT', 'Guatemala', 'Guatemala City', 0),
(92, 'GU', 'Guam', 'Hagta', 0),
(93, 'GW', 'Guinea-Bissau', 'Bissau', 0),
(94, 'GY', 'Guyana', 'Georgetown', 0),
(95, 'HK', 'Hong Kong', 'Hong Kong', 0),
(96, 'HM', 'Heard Island and McDonald Islands', '', 0),
(97, 'HN', 'Honduras', 'Tegucigalpa', 0),
(98, 'HR', 'Croatia', 'Zagreb', 0),
(99, 'HT', 'Haiti', 'Port-au-Prince', 0),
(100, 'HU', 'Hungary', 'Budapest', 0),
(101, 'ID', 'Indonesia', 'Jakarta', 0),
(102, 'IE', 'Ireland', 'Dublin', 0),
(103, 'IL', 'Israel', 'Jerusalem', 0),
(104, 'IM', 'Isle of Man', 'Douglas, Isle of Man', 0),
(105, 'IN', 'India', 'New Delhi', 0),
(106, 'IO', 'British Indian Ocean Territory', 'Diego Garcia', 0),
(107, 'IQ', 'Iraq', 'Baghdad', 0),
(108, 'IR', 'Iran', 'Tehran', 0),
(109, 'IS', 'Iceland', 'Reykjavk', 0),
(110, 'IT', 'Italy', 'Rome', 0),
(111, 'JE', 'Jersey', 'Saint Helier', 0),
(112, 'JM', 'Jamaica', 'Kingston', 0),
(113, 'JO', 'Jordan', 'Amman', 0),
(114, 'JP', 'Japan', 'Tokyo', 0),
(115, 'KE', 'Kenya', 'Nairobi', 0),
(116, 'KG', 'Kyrgyzstan', 'Bishkek', 0),
(117, 'KH', 'Cambodia', 'Phnom Penh', 0),
(118, 'KI', 'Kiribati', 'South Tarawa', 0),
(119, 'KM', 'Comoros', 'Moroni', 0),
(120, 'KN', 'Saint Kitts and Nevis', 'Basseterre', 0),
(121, 'KP', 'North Korea', 'Pyongyang', 0),
(122, 'KR', 'South Korea', 'Seoul', 0),
(123, 'KW', 'Kuwait', 'Kuwait City', 0),
(124, 'KY', 'Cayman Islands', 'George Town', 0),
(125, 'KZ', 'Kazakhstan', 'Astana', 0),
(126, 'LA', 'Laos', 'Vientiane', 0),
(127, 'LB', 'Lebanon', 'Beirut', 0),
(128, 'LC', 'Saint Lucia', 'Castries', 0),
(129, 'LI', 'Liechtenstein', 'Vaduz', 0),
(130, 'LK', 'Sri Lanka', 'Colombo', 0),
(131, 'LR', 'Liberia', 'Monrovia', 0),
(132, 'LS', 'Lesotho', 'Maseru', 0),
(133, 'LT', 'Lithuania', 'Vilnius', 0),
(134, 'LU', 'Luxembourg', 'Luxembourg', 0),
(135, 'LV', 'Latvia', 'Riga', 0),
(136, 'LY', 'Libya', 'Tripolis', 0),
(137, 'MA', 'Morocco', 'Rabat', 0),
(138, 'MC', 'Monaco', 'Monaco', 0),
(139, 'MD', 'Moldova', 'Chi_in_u', 0),
(140, 'ME', 'Montenegro', 'Podgorica', 0),
(141, 'MF', 'Saint Martin', 'Marigot', 0),
(142, 'MG', 'Madagascar', 'Antananarivo', 0),
(143, 'MH', 'Marshall Islands', 'Uliga', 0),
(144, 'MK', 'Macedonia', 'Skopje', 0),
(145, 'ML', 'Mali', 'Bamako', 0),
(146, 'MM', 'Myanmar', 'Yangon', 0),
(147, 'MN', 'Mongolia', 'Ulan Bator', 0),
(148, 'MO', 'Macao', 'Macao', 0),
(149, 'MP', 'Northern Mariana Islands', 'Saipan', 0),
(150, 'MQ', 'Martinique', 'Fort-de-France', 0),
(151, 'MR', 'Mauritania', 'Nouakchott', 0),
(152, 'MS', 'Montserrat', 'Plymouth', 0),
(153, 'MT', 'Malta', 'Valletta', 0),
(154, 'MU', 'Mauritius', 'Port Louis', 0),
(155, 'MV', 'Maldives', 'Mal', 0),
(156, 'MW', 'Malawi', 'Lilongwe', 0),
(157, 'MX', 'Mexico', 'Mexico City', 0),
(158, 'MY', 'Malaysia', 'Kuala Lumpur', 0),
(159, 'MZ', 'Mozambique', 'Maputo', 0),
(160, 'NA', 'Namibia', 'Windhoek', 0),
(161, 'NC', 'New Caledonia', 'Nouma', 0),
(162, 'NE', 'Niger', 'Niamey', 0),
(163, 'NF', 'Norfolk Island', 'Kingston', 0),
(164, 'NG', 'Nigeria', 'Abuja', 0),
(165, 'NI', 'Nicaragua', 'Managua', 0),
(166, 'NL', 'Netherlands', 'Amsterdam', 0),
(167, 'NO', 'Norway', 'Oslo', 0),
(168, 'NP', 'Nepal', 'Kathmandu', 0),
(169, 'NR', 'Nauru', 'Yaren', 0),
(170, 'NU', 'Niue', 'Alofi', 0),
(171, 'NZ', 'New Zealand', 'Wellington', 0),
(172, 'OM', 'Oman', 'Muscat', 0),
(173, 'PA', 'Panama', 'Panama City', 0),
(174, 'PE', 'Peru', 'Lima', 0),
(175, 'PF', 'French Polynesia', 'Papeete', 0),
(176, 'PG', 'Papua New Guinea', 'Port Moresby', 0),
(177, 'PH', 'Philippines', 'Manila', 0),
(178, 'PK', 'Pakistan', 'Islamabad', 0),
(179, 'PL', 'Poland', 'Warsaw', 0),
(180, 'PM', 'Saint Pierre and Miquelon', 'Saint-Pierre', 0),
(181, 'PN', 'Pitcairn', 'Adamstown', 0),
(182, 'PR', 'Puerto Rico', 'San Juan', 0),
(183, 'PS', 'Palestinian Territory', 'East Jerusalem', 0),
(184, 'PT', 'Portugal', 'Lisbon', 0),
(185, 'PW', 'Palau', 'Koror', 0),
(186, 'PY', 'Paraguay', 'Asuncin', 0),
(187, 'QA', 'Qatar', 'Doha', 0),
(188, 'RE', 'Reunion', 'Saint-Denis', 0),
(189, 'RO', 'Romania', 'Bucharest', 0),
(190, 'RS', 'Serbia', 'Belgrade', 0),
(191, 'RU', 'Russia', 'Moscow', 0),
(192, 'RW', 'Rwanda', 'Kigali', 0),
(193, 'SA', 'Saudi Arabia', 'Riyadh', 0),
(194, 'SB', 'Solomon Islands', 'Honiara', 0),
(195, 'SC', 'Seychelles', 'Victoria', 0),
(196, 'SD', 'Sudan', 'Khartoum', 0),
(197, 'SE', 'Sweden', 'Stockholm', 0),
(198, 'SG', 'Singapore', 'Singapur', 0),
(199, 'SH', 'Saint Helena', 'Jamestown', 0),
(200, 'SI', 'Slovenia', 'Ljubljana', 0),
(201, 'SJ', 'Svalbard and Jan Mayen', 'Longyearbyen', 0),
(202, 'SK', 'Slovakia', 'Bratislava', 0),
(203, 'SL', 'Sierra Leone', 'Freetown', 0),
(204, 'SM', 'San Marino', 'San Marino', 0),
(205, 'SN', 'Senegal', 'Dakar', 0),
(206, 'SO', 'Somalia', 'Mogadishu', 0),
(207, 'SR', 'Suriname', 'Paramaribo', 0),
(208, 'ST', 'Sao Tome and Principe', 'So Tom', 0),
(209, 'SV', 'El Salvador', 'San Salvador', 0),
(210, 'SY', 'Syria', 'Damascus', 0),
(211, 'SZ', 'Swaziland', 'Mbabane', 0),
(212, 'TC', 'Turks and Caicos Islands', 'Cockburn Town', 0),
(213, 'TD', 'Chad', 'N''Djamena', 0),
(214, 'TF', 'French Southern Territories', 'Martin-de-Vivis', 0),
(215, 'TG', 'Togo', 'Lom', 0),
(216, 'TH', 'Thailand', 'Bangkok', 0),
(217, 'TJ', 'Tajikistan', 'Dushanbe', 0),
(218, 'TK', 'Tokelau', '', 0),
(219, 'TL', 'East Timor', 'Dili', 0),
(220, 'TM', 'Turkmenistan', 'Ashgabat', 0),
(221, 'TN', 'Tunisia', 'Tunis', 0),
(222, 'TO', 'Tonga', 'Nuku''alofa', 0),
(223, 'TR', 'Turkey', 'Ankara', 0),
(224, 'TT', 'Trinidad and Tobago', 'Port of Spain', 0),
(225, 'TV', 'Tuvalu', 'Vaiaku', 0),
(226, 'TW', 'Taiwan', 'Taipei', 0),
(227, 'TZ', 'Tanzania', 'Dar es Salaam', 0),
(228, 'UA', 'Ukraine', 'Kiev', 0),
(229, 'UG', 'Uganda', 'Kampala', 0),
(230, 'UM', 'United States Minor Outlying Islands', '', 0),
(231, 'US', 'United States', 'Washington', 0),
(232, 'UY', 'Uruguay', 'Montevideo', 0),
(233, 'UZ', 'Uzbekistan', 'Tashkent', 0),
(234, 'VA', 'Vatican', 'Vatican City', 0),
(235, 'VC', 'Saint Vincent and the Grenadines', 'Kingstown', 0),
(236, 'VE', 'Venezuela', 'Caracas', 0),
(237, 'VG', 'British Virgin Islands', 'Road Town', 0),
(238, 'VI', 'U.S. Virgin Islands', 'Charlotte Amalie', 0),
(239, 'VN', 'Vietnam', 'Hanoi', 0),
(240, 'VU', 'Vanuatu', 'Port Vila', 0),
(241, 'WF', 'Wallis and Futuna', 'Mat''Utu', 0),
(242, 'WS', 'Samoa', 'Apia', 0),
(243, 'YE', 'Yemen', 'Sana', 0),
(244, 'YT', 'Mayotte', 'Mamoudzou', 0),
(245, 'ZA', 'South Africa', 'Pretoria', 0),
(246, 'ZM', 'Zambia', 'Lusaka', 0),
(247, 'ZW', 'Zimbabwe', 'Harare', 0);

-- --------------------------------------------------------

--
-- Table structure for table `feed`
--

CREATE TABLE IF NOT EXISTS `feed` (
  `id` int(11) unsigned NOT NULL AUTO_INCREMENT,
  `feed_name` varchar(255) DEFAULT NULL,
  `feed_url` varchar(255) DEFAULT NULL,
  `feed_cache` text,
  `feed_active` tinyint(4) DEFAULT '1',
  `feed_update` int(11) NOT NULL DEFAULT '0',
  PRIMARY KEY (`id`)
) ENGINE=MyISAM DEFAULT CHARSET=utf8 AUTO_INCREMENT=1 ;

--
-- Dumping data for table `feed`
--


-- --------------------------------------------------------

--
-- Table structure for table `feed_item`
--

CREATE TABLE IF NOT EXISTS `feed_item` (
  `id` bigint(20) unsigned NOT NULL AUTO_INCREMENT,
  `feed_id` int(11) NOT NULL,
  `location_id` bigint(20) DEFAULT '0',
  `incident_id` int(11) NOT NULL DEFAULT '0',
  `item_title` varchar(255) DEFAULT NULL,
  `item_description` text,
  `item_link` varchar(255) DEFAULT NULL,
  `item_date` datetime DEFAULT NULL,
  PRIMARY KEY (`id`)
) ENGINE=MyISAM DEFAULT CHARSET=utf8 AUTO_INCREMENT=1 ;

--
-- Dumping data for table `feed_item`
--


-- --------------------------------------------------------

--
-- Table structure for table `form`
--

CREATE TABLE IF NOT EXISTS `form` (
  `id` int(11) NOT NULL AUTO_INCREMENT,
  `form_title` varchar(200) NOT NULL,
  `form_description` text,
  `form_active` tinyint(4) DEFAULT '1',
  PRIMARY KEY (`id`)
) ENGINE=MyISAM  DEFAULT CHARSET=utf8 AUTO_INCREMENT=2 ;

--
-- Dumping data for table `form`
--

INSERT INTO `form` (`id`, `form_title`, `form_description`, `form_active`) VALUES
(1, 'Default Form', 'Default form, for report entry', 1);

-- --------------------------------------------------------

--
-- Table structure for table `form_field`
--

CREATE TABLE IF NOT EXISTS `form_field` (
  `id` int(11) NOT NULL AUTO_INCREMENT,
  `form_id` int(11) NOT NULL DEFAULT '0',
  `field_name` varchar(200) DEFAULT NULL,
  `field_type` tinyint(4) NOT NULL DEFAULT '1' COMMENT '1 - TEXTFIELD, 2 - TEXTAREA (FREETEXT), 3 - DATE, 4 - PASSWORD, 5 - RADIO, 6 - CHECKBOX',
  `field_required` tinyint(4) DEFAULT '0',
  `field_options` text,
  `field_position` tinyint(4) NOT NULL DEFAULT '0',
  `field_default` varchar(200) DEFAULT NULL,
  `field_maxlength` int(11) NOT NULL DEFAULT '0',
  `field_width` smallint(6) NOT NULL DEFAULT '0',
  `field_height` tinyint(4) DEFAULT '5',
  `field_isdate` tinyint(4) NOT NULL DEFAULT '0',
  `field_ispublic_visible` tinyint(4) NOT NULL DEFAULT '0',
  `field_ispublic_submit` tinyint(4) NOT NULL DEFAULT '0',
  PRIMARY KEY (`id`),
  KEY `fk_form_id` (`form_id`)
) ENGINE=MyISAM DEFAULT CHARSET=utf8 AUTO_INCREMENT=1 ;

--
-- Dumping data for table `form_field`
--


-- --------------------------------------------------------

--
-- Table structure for table `form_field_option`
--

CREATE TABLE IF NOT EXISTS `form_field_option` (
  `id` int(11) NOT NULL AUTO_INCREMENT,
  `form_field_id` int(11) NOT NULL DEFAULT '0',
  `option_name` varchar(200) DEFAULT NULL,
  `option_value` text,
  PRIMARY KEY (`id`)
) ENGINE=MyISAM DEFAULT CHARSET=utf8 AUTO_INCREMENT=1 ;

--
-- Dumping data for table `form_field_option`
--


-- --------------------------------------------------------

--
-- Table structure for table `form_response`
--

CREATE TABLE IF NOT EXISTS `form_response` (
  `id` bigint(20) NOT NULL AUTO_INCREMENT,
  `form_field_id` int(11) NOT NULL,
  `incident_id` bigint(20) NOT NULL,
  `form_response` text NOT NULL,
  PRIMARY KEY (`id`),
  KEY `fk_form_field_id` (`form_field_id`)
) ENGINE=MyISAM DEFAULT CHARSET=utf8 AUTO_INCREMENT=1 ;

--
-- Dumping data for table `form_response`
--


-- --------------------------------------------------------

--
-- Table structure for table `frontlinesms`
--

CREATE TABLE IF NOT EXISTS `frontlinesms` (
  `id` int(11) unsigned NOT NULL AUTO_INCREMENT,
  `frontlinesms_key` varchar(100) DEFAULT NULL,
  PRIMARY KEY (`id`)
) ENGINE=InnoDB  DEFAULT CHARSET=utf8 AUTO_INCREMENT=2 ;

--
-- Dumping data for table `frontlinesms`
--

INSERT INTO `frontlinesms` (`id`, `frontlinesms_key`) VALUES
(1, 'NU9U7EDA');

-- --------------------------------------------------------

--
-- Table structure for table `geometry`
--

CREATE TABLE IF NOT EXISTS `geometry` (
  `id` int(11) unsigned NOT NULL AUTO_INCREMENT,
  `incident_id` bigint(20) NOT NULL,
  `geometry` geometry NOT NULL,
  `geometry_label` varchar(150) DEFAULT NULL,
  `geometry_comment` varchar(255) DEFAULT NULL,
  `geometry_color` varchar(20) DEFAULT NULL,
  `geometry_strokewidth` varchar(5) DEFAULT NULL,
  PRIMARY KEY (`id`),
  SPATIAL KEY `geometry` (`geometry`)
) ENGINE=MyISAM  DEFAULT CHARSET=utf8 AUTO_INCREMENT=22 ;

--
-- Dumping data for table `geometry`
--

INSERT INTO `geometry` (`id`, `incident_id`, `geometry`, `geometry_label`, `geometry_comment`, `geometry_color`, `geometry_strokewidth`) VALUES
(1, 2, '\0\0\0\0\0\0\0O%iB@;}', '', '', '', '2.5'),
(2, 2, '\0\0\0\0\0\0\0O%iB@;}', '', '', '', '2.5'),
(3, 2, '\0\0\0\0\0\0\0O%iB@;}', '', '', '', '2.5'),
(4, 3, '\0\0\0\0\0\0\0O%iB@;}', '', '', '', '2.5'),
(5, 3, '\0\0\0\0\0\0\0O%iB@;}', '', '', '', '2.5'),
(6, 5, '\0\0\0\0\0\0\0*?@''?', '', '', '', '2.5'),
(7, 5, '\0\0\0\0\0\0\0*?@''?', '', '', '', '2.5'),
(8, 6, '\0\0\0\0\0\0\00:@8F@', '', '', '', '2.5'),
(9, 6, '\0\0\0\0\0\0\00:@8F@', '', '', '', '2.5'),
(10, 7, '\0\0\0\0\0\0\00:@8F@', '', '', '', '2.5'),
(11, 7, '\0\0\0\0\0\0\00:@8F@', '', '', '', '2.5'),
(12, 8, '\0\0\0\0\0\0\0ZN@@d?', '', '', '', '2.5'),
(13, 8, '\0\0\0\0\0\0\0ZN@@d?', '', '', '', '2.5'),
(14, 9, '\0\0\0\0\0\0\0.?@t', '', '', '', '2.5'),
(15, 9, '\0\0\0\0\0\0\0.?@t', '', '', '', '2.5'),
(16, 10, '\0\0\0\0\0\0\0G`A@0?', '', '', '', '2.5'),
(17, 10, '\0\0\0\0\0\0\0G`A@0?', '', '', '', '2.5'),
(18, 11, '\0\0\0\0\0\0\0<YO@@=\np=\0@', '', '', '', '2.5'),
(19, 11, '\0\0\0\0\0\0\0<YO@@=\np=\0@', '', '', '', '2.5'),
(20, 12, '\0\0\0\0\0\0\0\0\0\0\0\0@?@5@', '', '', '', '2.5'),
(21, 12, '\0\0\0\0\0\0\0\0\0\0\0\0@?@5@', '', '', '', '2.5');

-- --------------------------------------------------------

--
-- Table structure for table `incident`
--

CREATE TABLE IF NOT EXISTS `incident` (
  `id` bigint(20) unsigned NOT NULL AUTO_INCREMENT,
  `location_id` bigint(20) NOT NULL,
  `form_id` int(11) NOT NULL DEFAULT '1',
  `locale` varchar(10) NOT NULL DEFAULT 'en_US',
  `user_id` bigint(20) DEFAULT NULL,
  `incident_NoOfTrees` varchar(15) NOT NULL,
  `incident_remarks` text,
  `incident_date` datetime DEFAULT NULL,
  `incident_mode` tinyint(4) NOT NULL DEFAULT '1' COMMENT '1 - WEB, 2 - SMS, 3 - EMAIL, 4 - TWITTER',
  `incident_active` tinyint(4) NOT NULL DEFAULT '0',
  `incident_verified` tinyint(4) NOT NULL DEFAULT '0',
  `incident_source` varchar(5) DEFAULT NULL,
  `incident_information` varchar(5) DEFAULT NULL,
  `incident_rating` varchar(15) NOT NULL DEFAULT '0',
  `incident_dateadd` datetime DEFAULT NULL,
  `incident_dateadd_gmt` datetime DEFAULT NULL,
  `incident_datemodify` datetime DEFAULT NULL,
  `incident_alert_status` tinyint(4) NOT NULL DEFAULT '0' COMMENT '0 - Not Tagged for Sending, 1 - Tagged for Sending, 2 - Alerts Have Been Sent',
  `incident_zoom` tinyint(4) DEFAULT NULL,
  PRIMARY KEY (`id`),
  KEY `location_id` (`location_id`),
  KEY `incident_active` (`incident_active`),
  KEY `incident_date` (`incident_date`)
) ENGINE=MyISAM  DEFAULT CHARSET=utf8 AUTO_INCREMENT=13 ;

--
-- Dumping data for table `incident`
--

INSERT INTO `incident` (`id`, `location_id`, `form_id`, `locale`, `user_id`, `incident_NoOfTrees`, `incident_remarks`, `incident_date`, `incident_mode`, `incident_active`, `incident_verified`, `incident_source`, `incident_information`, `incident_rating`, `incident_dateadd`, `incident_dateadd_gmt`, `incident_datemodify`, `incident_alert_status`, `incident_zoom`) VALUES
(1, 1, 1, 'en_US', 1, '( 1 - 10 )', 'Welcome to Ushahidi. Please replace this report with a valid incident', '2011-11-26 14:27:20', 1, 1, 1, '0', '2011-', '0', NULL, NULL, NULL, 0, NULL),
(2, 2, 0, 'en_US', 1, '( Over 500 )', 'baseze omuti', '2011-11-26 11:15:00', 1, 1, 1, NULL, NULL, '0', '2011-11-26 11:16:39', NULL, NULL, 2, NULL),
(3, 3, 0, 'en_US', 3, '( 100 - 500 )', 'Showing the extent of Mabira forest', '2011-11-26 13:03:00', 1, 1, 1, NULL, NULL, '0', '2011-11-26 17:05:02', NULL, NULL, 2, NULL),
(4, 4, 0, 'en_US', 1, '( 100 - 500 )', 'wiuyuiwyiuyi34 wyriuwrwr   iwuriw wiouowor', '2011-12-05 23:02:00', 1, 1, 1, NULL, NULL, '0', '2011-12-05 23:08:20', NULL, NULL, 2, NULL),
(5, 7, 0, 'en_US', 1, '( Over 500 )', 'euiorueiouorie erieotuet kim', '2011-12-06 12:37:00', 1, 1, 1, NULL, NULL, '0', '2011-12-06 13:11:59', NULL, NULL, 1, NULL),
(6, 8, 0, 'en_US', 1, '( 10 - 50 )', 'grytertye eyiuet eiytuiet', '2011-12-06 13:38:00', 1, 1, 1, NULL, NULL, '0', '2011-12-06 17:42:10', NULL, NULL, 1, NULL),
(7, 9, 0, 'en_US', 1, '( Over 500 )', 'grytertye eyiuet eiytuiet', '2011-12-06 13:38:00', 1, 1, 1, NULL, NULL, '0', '2011-12-06 17:43:21', NULL, NULL, 1, NULL),
(8, 10, 0, 'en_US', 1, '( 1 - 10 )', 'kishfiueyiuyriue eurier', '2011-12-06 13:45:00', 1, 1, 1, NULL, NULL, '0', '2011-12-06 17:49:48', NULL, NULL, 1, NULL),
(9, 11, 0, 'en_US', NULL, '( 100 - 500 )', 'uhrueiyiueyiut euyuieyit eiuyeitet', '2011-12-06 13:57:00', 1, 1, 1, NULL, NULL, '0', '2011-12-06 18:00:00', NULL, NULL, 1, NULL),
(10, 18, 0, 'en_US', NULL, '( 50 - 100 )', 'uywyutwruyw uytryur utwyrutwyur wtruytrw wytrwur wrutyuwr wutryutrw wrutyuwr wryutyutwr wrur wutruywu sfyutsyu sfyutuysf sfyuysut sfyuysf sfgyutsyu sfuytyufs sffyt', '2011-12-09 13:09:00', 1, 1, 1, NULL, NULL, '0', '2011-12-09 14:12:53', NULL, NULL, 1, NULL),
(11, 19, 0, 'en_US', 1, '( 10 - 50 )', 'ejourytueityndyuiet ioturyuieiut etiuet uet tiue tiueutui ituytiet uityiuieit euiytiuet ieutuoe tiueytueyut teuiryiueiut eiutyiue eutieit tuuet eitie eityiuet tiuyetet etyietyt etiuyiuyeit etiuyueit ueyut ietuiueyt etiuyieyt etiuyieu etuyuiet', '2011-12-09 13:40:00', 1, 1, 1, NULL, NULL, '0', '2011-12-09 16:11:06', NULL, NULL, 1, NULL),
(12, 20, 0, 'en_US', 1, '( Over 500 )', 'ergyutryuryuwe uegtryteu ruytrur wgyr bsvyre ytwyuwr rwfr ruwur uhwru wrygwr uyrwur eruywr ygrt ryuwr wuruwr uygwurtuw rywur urtw yuwr uhrur ygrtu rugyirwrgyuwr ruyr ryrrgyurhruiiuir uyruyeiuriye iuyrei', '2011-12-09 13:11:00', 1, 1, 1, NULL, NULL, '0', '2011-12-09 16:13:25', NULL, NULL, 1, NULL);

-- --------------------------------------------------------

--
-- Table structure for table `incident_category`
--

CREATE TABLE IF NOT EXISTS `incident_category` (
  `id` int(11) NOT NULL AUTO_INCREMENT,
  `incident_id` bigint(20) NOT NULL DEFAULT '0',
  `category_id` int(11) NOT NULL DEFAULT '0',
  PRIMARY KEY (`id`),
  UNIQUE KEY `incident_category_ids` (`incident_id`,`category_id`)
) ENGINE=MyISAM  DEFAULT CHARSET=utf8 AUTO_INCREMENT=13 ;

--
-- Dumping data for table `incident_category`
--

INSERT INTO `incident_category` (`id`, `incident_id`, `category_id`) VALUES
(1, 1, 1),
(2, 2, 1),
(3, 3, 1),
(4, 4, 1),
(5, 5, 2),
(6, 6, 1),
(7, 7, 1),
(8, 8, 1),
(9, 9, 1),
(10, 10, 2),
(11, 11, 1),
(12, 12, 1);

-- --------------------------------------------------------

--
-- Table structure for table `incident_lang`
--

CREATE TABLE IF NOT EXISTS `incident_lang` (
  `id` bigint(20) unsigned NOT NULL AUTO_INCREMENT,
  `incident_id` bigint(20) NOT NULL,
  `locale` varchar(10) DEFAULT NULL,
  `incident_title` varchar(255) DEFAULT NULL,
  `incident_description` longtext,
  PRIMARY KEY (`id`)
) ENGINE=MyISAM DEFAULT CHARSET=utf8 AUTO_INCREMENT=1 ;

--
-- Dumping data for table `incident_lang`
--


-- --------------------------------------------------------

--
-- Table structure for table `incident_person`
--

CREATE TABLE IF NOT EXISTS `incident_person` (
  `id` bigint(20) unsigned NOT NULL AUTO_INCREMENT,
  `incident_id` bigint(20) DEFAULT NULL,
  `location_id` bigint(20) DEFAULT NULL,
  `person_fullName` varchar(200) DEFAULT NULL,
  `person_contacts` varchar(200) DEFAULT NULL,
  `person_ip` varchar(50) DEFAULT NULL,
  `person_date` datetime DEFAULT NULL,
  PRIMARY KEY (`id`)
) ENGINE=MyISAM  DEFAULT CHARSET=utf8 AUTO_INCREMENT=10 ;

--
-- Dumping data for table `incident_person`
--

INSERT INTO `incident_person` (`id`, `incident_id`, `location_id`, `person_fullName`, `person_contacts`, `person_ip`, `person_date`) VALUES
(1, 2, 2, '', '', NULL, '2011-11-26 11:16:40'),
(2, 3, 3, '', '', NULL, '2011-11-26 17:05:02'),
(3, 4, 4, 'kimbowa', 'wamala22@yahoo.com', NULL, '2011-12-05 23:08:20'),
(4, 5, 7, 'oieuroiiuoe kim', '', NULL, '2011-12-06 13:11:59'),
(5, 8, 10, 'kimbowa John Wamala', '24654625452', NULL, '2011-12-06 17:49:48'),
(6, 9, 11, 'kimbowa John', 'hwghjgwrhj, 8745687638743', NULL, '2011-12-06 18:00:00'),
(7, 10, 18, 'kimbowa John Wamala', '24654625452', NULL, '2011-12-09 14:12:53'),
(8, 11, 19, 'kimbowa John', '7564873658783', NULL, '2011-12-09 16:11:06'),
(9, 12, 20, 'kimbowa John', '7564873658783', NULL, '2011-12-09 16:13:25');

-- --------------------------------------------------------

--
-- Table structure for table `layer`
--

CREATE TABLE IF NOT EXISTS `layer` (
  `id` int(11) NOT NULL AUTO_INCREMENT,
  `layer_name` varchar(255) DEFAULT NULL,
  `layer_url` varchar(255) DEFAULT NULL,
  `layer_file` varchar(100) DEFAULT NULL,
  `layer_color` varchar(20) DEFAULT NULL,
  `layer_visible` tinyint(4) NOT NULL DEFAULT '1',
  PRIMARY KEY (`id`)
) ENGINE=MyISAM DEFAULT CHARSET=utf8 AUTO_INCREMENT=1 ;

--
-- Dumping data for table `layer`
--


-- --------------------------------------------------------

--
-- Table structure for table `level`
--

CREATE TABLE IF NOT EXISTS `level` (
  `id` int(11) unsigned NOT NULL AUTO_INCREMENT,
  `level_title` varchar(200) DEFAULT NULL,
  `level_description` varchar(200) DEFAULT NULL,
  `level_weight` tinyint(4) NOT NULL,
  PRIMARY KEY (`id`)
) ENGINE=MyISAM  DEFAULT CHARSET=utf8 AUTO_INCREMENT=6 ;

--
-- Dumping data for table `level`
--

INSERT INTO `level` (`id`, `level_title`, `level_description`, `level_weight`) VALUES
(1, 'SPAM + Delete', 'SPAM + Delete', -2),
(2, 'SPAM', 'SPAM', -1),
(3, 'Untrusted', 'Untrusted', 0),
(4, 'Trusted', 'Trusted', 1),
(5, 'Trusted + Verify', 'Trusted + Verify', 2);

-- --------------------------------------------------------

--
-- Table structure for table `location`
--

CREATE TABLE IF NOT EXISTS `location` (
  `id` bigint(20) unsigned NOT NULL AUTO_INCREMENT,
  `location_name` varchar(255) DEFAULT NULL,
  `country_id` int(11) NOT NULL DEFAULT '0',
  `latitude` double NOT NULL DEFAULT '0',
  `longitude` double NOT NULL DEFAULT '0',
  `location_visible` tinyint(4) NOT NULL DEFAULT '1',
  `location_date` datetime DEFAULT NULL,
  PRIMARY KEY (`id`)
) ENGINE=MyISAM  DEFAULT CHARSET=utf8 AUTO_INCREMENT=21 ;

--
-- Dumping data for table `location`
--

INSERT INTO `location` (`id`, `location_name`, `country_id`, `latitude`, `longitude`, `location_visible`, `location_date`) VALUES
(1, 'Nairobi', 115, -1.28730007070501, 36.8214511820082, 1, '2009-06-30 00:00:00'),
(2, 'morogoro', 0, -7.775049, 37.805881, 1, '2011-11-26 11:16:39'),
(3, 'Mabira Forest, Uganda', 0, 0.446257, 33.127968, 1, '2011-11-26 17:05:02'),
(4, 'sudan', 0, 12.862807, 30.217636, 1, '2011-12-05 23:08:20'),
(5, 'railway path', 0, 0.980758, 32.114435, 1, '2011-12-06 12:49:57'),
(6, 'railway path', 0, 0.980758, 32.114435, 1, '2011-12-06 12:54:39'),
(7, 'railway path', 0, 0.980758, 32.114435, 1, '2011-12-06 13:11:59'),
(8, 'bwaise, uganda', 0, 44.436248, 26.098966, 1, '2011-12-06 17:42:10'),
(9, 'bwaise, uganda', 0, 44.436248, 26.098966, 1, '2011-12-06 17:43:21'),
(10, 'nakawa, uganda', 0, 0.33884, 32.616098, 1, '2011-12-06 17:49:48'),
(11, 'masaka, uganda', 0, -0.332491, 31.70112, 1, '2011-12-06 18:00:00'),
(12, 'wandegeya, Uganda', 0, 0.336947, 32.577731, 1, '2011-12-09 13:17:16'),
(13, 'kampala, nakawa', 0, 0.338154, 32.615926, 1, '2011-12-09 13:33:48'),
(14, 'nakawa', 0, 0.337746, 32.616929, 1, '2011-12-09 14:06:25'),
(15, 'nakawa', 0, 0.337746, 32.616929, 1, '2011-12-09 14:09:05'),
(16, 'kampala, nakawa', 0, 0.338154, 32.615926, 1, '2011-12-09 14:09:13'),
(17, 'wandegeya, Uganda', 0, 0.336947, 32.577731, 1, '2011-12-09 14:09:20'),
(18, 'nagongera', 0, 0.767541, 34.021011, 1, '2011-12-09 14:12:53'),
(19, 'amuria', 0, 2.026569, 33.649922, 1, '2011-12-09 16:11:06'),
(20, 'yumbe', 0, 3.463925, 31.281586, 1, '2011-12-09 16:13:25');

-- --------------------------------------------------------

--
-- Table structure for table `media`
--

CREATE TABLE IF NOT EXISTS `media` (
  `id` bigint(20) unsigned NOT NULL AUTO_INCREMENT,
  `location_id` bigint(20) DEFAULT NULL,
  `incident_id` bigint(20) DEFAULT NULL,
  `checkin_id` bigint(20) DEFAULT NULL,
  `message_id` bigint(20) DEFAULT NULL,
  `badge_id` int(11) DEFAULT NULL,
  `media_type` tinyint(4) DEFAULT NULL COMMENT '1 - IMAGES, 2 - VIDEO, 3 - AUDIO, 4 - NEWS, 5 - PODCAST',
  `media_title` varchar(255) DEFAULT NULL,
  `media_description` longtext,
  `media_link` varchar(255) DEFAULT NULL,
  `media_medium` varchar(255) DEFAULT NULL,
  `media_thumb` varchar(255) DEFAULT NULL,
  `media_date` datetime DEFAULT NULL,
  `media_active` tinyint(4) NOT NULL DEFAULT '1',
  PRIMARY KEY (`id`)
) ENGINE=MyISAM DEFAULT CHARSET=utf8 AUTO_INCREMENT=1 ;

--
-- Dumping data for table `media`
--


-- --------------------------------------------------------

--
-- Table structure for table `message`
--

CREATE TABLE IF NOT EXISTS `message` (
  `id` bigint(20) unsigned NOT NULL AUTO_INCREMENT,
  `parent_id` bigint(20) DEFAULT '0',
  `incident_id` int(11) DEFAULT '0',
  `user_id` int(11) DEFAULT '0',
  `reporter_id` bigint(20) DEFAULT NULL,
  `service_messageid` varchar(100) DEFAULT NULL,
  `message_from` varchar(100) DEFAULT NULL,
  `message_to` varchar(100) DEFAULT NULL,
  `message` text,
  `message_detail` text,
  `message_type` tinyint(4) DEFAULT '1' COMMENT '1 - INBOX, 2 - OUTBOX (From Admin), 3 - DELETED',
  `message_date` datetime DEFAULT NULL,
  `message_level` tinyint(4) DEFAULT '0' COMMENT '0 - UNREAD, 1 - READ, 99 - SPAM',
  PRIMARY KEY (`id`)
) ENGINE=MyISAM DEFAULT CHARSET=utf8 AUTO_INCREMENT=1 ;

--
-- Dumping data for table `message`
--


-- --------------------------------------------------------

--
-- Table structure for table `openid`
--

CREATE TABLE IF NOT EXISTS `openid` (
  `id` int(11) NOT NULL AUTO_INCREMENT,
  `user_id` int(11) NOT NULL,
  `openid` varchar(255) NOT NULL,
  `openid_email` varchar(127) NOT NULL,
  `openid_server` varchar(255) NOT NULL,
  `openid_date` datetime NOT NULL,
  PRIMARY KEY (`id`),
  KEY `openid` (`openid`)
) ENGINE=MyISAM DEFAULT CHARSET=utf8 AUTO_INCREMENT=1 ;

--
-- Dumping data for table `openid`
--


-- --------------------------------------------------------

--
-- Table structure for table `page`
--

CREATE TABLE IF NOT EXISTS `page` (
  `id` int(11) NOT NULL AUTO_INCREMENT,
  `page_title` varchar(255) NOT NULL,
  `page_description` longtext,
  `page_tab` varchar(100) NOT NULL,
  `page_active` tinyint(4) NOT NULL DEFAULT '0',
  PRIMARY KEY (`id`)
) ENGINE=MyISAM DEFAULT CHARSET=utf8 AUTO_INCREMENT=1 ;

--
-- Dumping data for table `page`
--


-- --------------------------------------------------------

--
-- Table structure for table `plugin`
--

CREATE TABLE IF NOT EXISTS `plugin` (
  `id` int(11) unsigned NOT NULL AUTO_INCREMENT,
  `plugin_name` varchar(100) NOT NULL,
  `plugin_url` varchar(250) DEFAULT NULL,
  `plugin_description` text,
  `plugin_priority` tinyint(4) DEFAULT '0',
  `plugin_active` tinyint(4) DEFAULT '0',
  `plugin_installed` tinyint(4) DEFAULT '0',
  PRIMARY KEY (`id`),
  UNIQUE KEY `plugin_name` (`plugin_name`)
) ENGINE=MyISAM  DEFAULT CHARSET=utf8 AUTO_INCREMENT=4 ;

--
-- Dumping data for table `plugin`
--

INSERT INTO `plugin` (`id`, `plugin_name`, `plugin_url`, `plugin_description`, `plugin_priority`, `plugin_active`, `plugin_installed`) VALUES
(1, 'clickatell', NULL, NULL, 0, 1, 1),
(2, 'frontlinesms', NULL, NULL, 0, 1, 1),
(3, 'smssync', NULL, NULL, 0, 0, 0);

-- --------------------------------------------------------

--
-- Table structure for table `private_message`
--

CREATE TABLE IF NOT EXISTS `private_message` (
  `id` int(11) NOT NULL AUTO_INCREMENT,
  `parent_id` int(11) NOT NULL DEFAULT '0',
  `user_id` int(11) NOT NULL,
  `from_user_id` int(11) DEFAULT '0',
  `private_subject` varchar(255) NOT NULL,
  `private_message` text NOT NULL,
  `private_message_date` datetime NOT NULL,
  `private_message_new` tinyint(4) NOT NULL DEFAULT '1',
  PRIMARY KEY (`id`)
) ENGINE=MyISAM DEFAULT CHARSET=utf8 AUTO_INCREMENT=1 ;

--
-- Dumping data for table `private_message`
--


-- --------------------------------------------------------

--
-- Table structure for table `rating`
--

CREATE TABLE IF NOT EXISTS `rating` (
  `id` bigint(20) unsigned NOT NULL AUTO_INCREMENT,
  `user_id` int(11) DEFAULT '0',
  `incident_id` bigint(20) DEFAULT NULL,
  `comment_id` bigint(20) DEFAULT NULL,
  `rating` tinyint(4) DEFAULT '0',
  `rating_ip` varchar(100) DEFAULT NULL,
  `rating_date` datetime DEFAULT NULL,
  PRIMARY KEY (`id`)
) ENGINE=MyISAM DEFAULT CHARSET=utf8 AUTO_INCREMENT=1 ;

--
-- Dumping data for table `rating`
--


-- --------------------------------------------------------

--
-- Table structure for table `reporter`
--

CREATE TABLE IF NOT EXISTS `reporter` (
  `id` bigint(20) unsigned NOT NULL AUTO_INCREMENT,
  `incident_id` bigint(20) DEFAULT NULL,
  `location_id` bigint(20) DEFAULT NULL,
  `user_id` int(11) DEFAULT NULL,
  `service_id` int(11) DEFAULT NULL,
  `level_id` int(11) DEFAULT NULL,
  `service_userid` varchar(255) DEFAULT NULL,
  `service_account` varchar(255) DEFAULT NULL,
  `reporter_first` varchar(200) DEFAULT NULL,
  `reporter_last` varchar(200) DEFAULT NULL,
  `reporter_email` varchar(120) DEFAULT NULL,
  `reporter_phone` varchar(60) DEFAULT NULL,
  `reporter_ip` varchar(50) DEFAULT NULL,
  `reporter_date` datetime DEFAULT NULL,
  PRIMARY KEY (`id`)
) ENGINE=MyISAM DEFAULT CHARSET=utf8 AUTO_INCREMENT=1 ;

--
-- Dumping data for table `reporter`
--


-- --------------------------------------------------------

--
-- Table structure for table `roles`
--

CREATE TABLE IF NOT EXISTS `roles` (
  `id` int(11) unsigned NOT NULL AUTO_INCREMENT,
  `name` varchar(32) NOT NULL,
  `description` varchar(255) NOT NULL,
  `reports_view` tinyint(4) NOT NULL DEFAULT '0',
  `reports_edit` tinyint(4) NOT NULL DEFAULT '0',
  `reports_evaluation` tinyint(4) NOT NULL DEFAULT '0',
  `reports_comments` tinyint(4) NOT NULL DEFAULT '0',
  `reports_download` tinyint(4) NOT NULL DEFAULT '0',
  `reports_upload` tinyint(4) NOT NULL DEFAULT '0',
  `messages` tinyint(4) NOT NULL DEFAULT '0',
  `messages_reporters` tinyint(4) NOT NULL DEFAULT '0',
  `stats` tinyint(4) NOT NULL DEFAULT '0',
  `settings` tinyint(4) NOT NULL DEFAULT '0',
  `manage` tinyint(4) NOT NULL DEFAULT '0',
  `users` tinyint(4) NOT NULL DEFAULT '0',
  `manage_roles` tinyint(4) NOT NULL DEFAULT '0',
  `checkin` tinyint(4) NOT NULL DEFAULT '1',
  `checkin_admin` tinyint(4) NOT NULL DEFAULT '0',
  `access_level` tinyint(4) NOT NULL DEFAULT '0',
  PRIMARY KEY (`id`),
  UNIQUE KEY `uniq_name` (`name`)
) ENGINE=MyISAM  DEFAULT CHARSET=utf8 AUTO_INCREMENT=5 ;

--
-- Dumping data for table `roles`
--

INSERT INTO `roles` (`id`, `name`, `description`, `reports_view`, `reports_edit`, `reports_evaluation`, `reports_comments`, `reports_download`, `reports_upload`, `messages`, `messages_reporters`, `stats`, `settings`, `manage`, `users`, `manage_roles`, `checkin`, `checkin_admin`, `access_level`) VALUES
(1, 'login', 'Login privileges, granted after account confirmation', 0, 0, 0, 0, 0, 0, 0, 0, 0, 0, 0, 0, 0, 1, 0, 0),
(2, 'admin', 'Administrative user, has access to almost everything.', 1, 1, 1, 1, 1, 1, 1, 1, 1, 1, 1, 1, 0, 1, 1, 0),
(3, 'superadmin', 'Super administrative user, has access to everything.', 1, 1, 1, 1, 1, 1, 1, 1, 1, 1, 1, 1, 1, 1, 1, 0),
(4, 'member', 'Regular user with access only to the member area', 0, 0, 0, 0, 0, 0, 0, 0, 0, 0, 0, 0, 0, 0, 0, 0);

-- --------------------------------------------------------

--
-- Table structure for table `roles_users`
--

CREATE TABLE IF NOT EXISTS `roles_users` (
  `user_id` int(11) unsigned NOT NULL,
  `role_id` int(11) unsigned NOT NULL,
  PRIMARY KEY (`user_id`,`role_id`),
  KEY `fk_role_id` (`role_id`)
) ENGINE=MyISAM DEFAULT CHARSET=utf8;

--
-- Dumping data for table `roles_users`
--

INSERT INTO `roles_users` (`user_id`, `role_id`) VALUES
(1, 1),
(1, 2),
(1, 3),
(2, 1),
(2, 4),
(3, 1),
(3, 3);

-- --------------------------------------------------------

--
-- Table structure for table `scheduler`
--

CREATE TABLE IF NOT EXISTS `scheduler` (
  `id` int(10) unsigned NOT NULL AUTO_INCREMENT,
  `scheduler_name` varchar(100) NOT NULL,
  `scheduler_last` int(10) unsigned NOT NULL DEFAULT '0',
  `scheduler_weekday` smallint(6) NOT NULL DEFAULT '-1',
  `scheduler_day` smallint(6) NOT NULL DEFAULT '-1',
  `scheduler_hour` smallint(6) NOT NULL DEFAULT '-1',
  `scheduler_minute` smallint(6) NOT NULL,
  `scheduler_controller` varchar(100) NOT NULL,
  `scheduler_active` tinyint(4) NOT NULL DEFAULT '1',
  PRIMARY KEY (`id`)
) ENGINE=MyISAM  DEFAULT CHARSET=utf8 AUTO_INCREMENT=7 ;

--
-- Dumping data for table `scheduler`
--

INSERT INTO `scheduler` (`id`, `scheduler_name`, `scheduler_last`, `scheduler_weekday`, `scheduler_day`, `scheduler_hour`, `scheduler_minute`, `scheduler_controller`, `scheduler_active`) VALUES
(1, 'Feeds', 1325326358, -1, -1, -1, 0, 's_feeds', 1),
(2, 'Alerts', 1323164249, -1, -1, -1, -1, 's_alerts', 1),
(3, 'Email', 1323164193, -1, -1, -1, 0, 's_email', 1),
(4, 'Twitter', 1323164193, -1, -1, -1, 0, 's_twitter', 1),
(5, 'Sharing', 1323164193, -1, -1, -1, 0, 's_sharing', 1),
(6, 'Cleanup', 1323164194, -1, -1, -1, 0, 's_cleanup', 1);

-- --------------------------------------------------------

--
-- Table structure for table `scheduler_log`
--

CREATE TABLE IF NOT EXISTS `scheduler_log` (
  `id` bigint(20) unsigned NOT NULL AUTO_INCREMENT,
  `scheduler_id` int(11) NOT NULL,
  `scheduler_name` varchar(100) NOT NULL,
  `scheduler_status` varchar(20) DEFAULT NULL,
  `scheduler_date` int(10) unsigned NOT NULL,
  PRIMARY KEY (`id`)
) ENGINE=MyISAM  DEFAULT CHARSET=utf8 AUTO_INCREMENT=175 ;

--
-- Dumping data for table `scheduler_log`
--

INSERT INTO `scheduler_log` (`id`, `scheduler_id`, `scheduler_name`, `scheduler_status`, `scheduler_date`) VALUES
(1, 1, 'Feeds', '200', 1322289432),
(2, 2, 'Alerts', '200', 1322289432),
(3, 3, 'Email', '200', 1322289432),
(4, 4, 'Twitter', '200', 1322289432),
(5, 5, 'Sharing', '200', 1322289432),
(6, 6, 'Cleanup', '200', 1322289433),
(7, 2, 'Alerts', '200', 1322289562),
(8, 2, 'Alerts', '200', 1322289984),
(9, 2, 'Alerts', '200', 1322290045),
(10, 1, 'Feeds', '200', 1322293104),
(11, 2, 'Alerts', '200', 1322293104),
(12, 3, 'Email', '200', 1322293104),
(13, 4, 'Twitter', '200', 1322293104),
(14, 5, 'Sharing', '200', 1322293104),
(15, 6, 'Cleanup', '200', 1322293104),
(16, 2, 'Alerts', '200', 1322293720),
(17, 2, 'Alerts', '200', 1322294121),
(18, 2, 'Alerts', '200', 1322294164),
(19, 1, 'Feeds', '200', 1322295082),
(20, 2, 'Alerts', '200', 1322295082),
(21, 3, 'Email', '200', 1322295082),
(22, 4, 'Twitter', '200', 1322295082),
(23, 5, 'Sharing', '200', 1322295082),
(24, 6, 'Cleanup', '200', 1322295082),
(25, 2, 'Alerts', '200', 1322295120),
(26, 2, 'Alerts', '200', 1322295283),
(27, 2, 'Alerts', '200', 1322295317),
(28, 2, 'Alerts', '200', 1322295403),
(29, 2, 'Alerts', '200', 1322295434),
(30, 2, 'Alerts', '200', 1322296206),
(31, 1, 'Feeds', '200', 1322315712),
(32, 2, 'Alerts', '200', 1322315712),
(33, 3, 'Email', '200', 1322315712),
(34, 4, 'Twitter', '200', 1322315712),
(35, 5, 'Sharing', '200', 1322315712),
(36, 6, 'Cleanup', '200', 1322315712),
(37, 2, 'Alerts', '200', 1322315772),
(38, 2, 'Alerts', '200', 1322315824),
(39, 1, 'Feeds', '200', 1322316034),
(40, 2, 'Alerts', '200', 1322316034),
(41, 3, 'Email', '200', 1322316034),
(42, 4, 'Twitter', '200', 1322316034),
(43, 5, 'Sharing', '200', 1322316034),
(44, 6, 'Cleanup', '200', 1322316034),
(45, 2, 'Alerts', '200', 1322316082),
(46, 2, 'Alerts', '200', 1322316185),
(47, 2, 'Alerts', '200', 1322316305),
(48, 2, 'Alerts', '200', 1322316947),
(49, 1, 'Feeds', '200', 1322320664),
(50, 2, 'Alerts', '200', 1322320664),
(51, 3, 'Email', '200', 1322320664),
(52, 4, 'Twitter', '200', 1322320665),
(53, 5, 'Sharing', '200', 1322320665),
(54, 6, 'Cleanup', '200', 1322320665),
(55, 1, 'Feeds', '200', 1322325848),
(56, 2, 'Alerts', '200', 1322325848),
(57, 3, 'Email', '200', 1322325848),
(58, 4, 'Twitter', '200', 1322325848),
(59, 5, 'Sharing', '200', 1322325848),
(60, 6, 'Cleanup', '200', 1322325848),
(61, 1, 'Feeds', '200', 1322327489),
(62, 2, 'Alerts', '200', 1322327489),
(63, 3, 'Email', '200', 1322327489),
(64, 4, 'Twitter', '200', 1322327489),
(65, 5, 'Sharing', '200', 1322327489),
(66, 6, 'Cleanup', '200', 1322327490),
(67, 1, 'Feeds', '200', 1323096092),
(68, 2, 'Alerts', '200', 1323096093),
(69, 3, 'Email', '200', 1323096093),
(70, 4, 'Twitter', '200', 1323096093),
(71, 5, 'Sharing', '200', 1323096093),
(72, 6, 'Cleanup', '200', 1323096093),
(73, 2, 'Alerts', '200', 1323096155),
(74, 2, 'Alerts', '200', 1323096226),
(75, 1, 'Feeds', '200', 1323110519),
(76, 2, 'Alerts', '200', 1323110520),
(77, 3, 'Email', '200', 1323110520),
(78, 4, 'Twitter', '200', 1323110520),
(79, 5, 'Sharing', '200', 1323110520),
(80, 6, 'Cleanup', '200', 1323110520),
(81, 2, 'Alerts', '200', 1323110835),
(82, 2, 'Alerts', '200', 1323111002),
(83, 2, 'Alerts', '200', 1323111349),
(84, 1, 'Feeds', '200', 1323111605),
(85, 2, 'Alerts', '200', 1323111605),
(86, 3, 'Email', '200', 1323111605),
(87, 4, 'Twitter', '200', 1323111605),
(88, 5, 'Sharing', '200', 1323111605),
(89, 6, 'Cleanup', '200', 1323111605),
(90, 2, 'Alerts', '200', 1323112089),
(91, 2, 'Alerts', '200', 1323112627),
(92, 2, 'Alerts', '200', 1323112682),
(93, 2, 'Alerts', '200', 1323114538),
(94, 2, 'Alerts', '200', 1323115011),
(95, 2, 'Alerts', '200', 1323115113),
(96, 1, 'Feeds', '200', 1323115223),
(97, 2, 'Alerts', '200', 1323115223),
(98, 3, 'Email', '200', 1323115223),
(99, 4, 'Twitter', '200', 1323115223),
(100, 5, 'Sharing', '200', 1323115223),
(101, 6, 'Cleanup', '200', 1323115223),
(102, 2, 'Alerts', '200', 1323115350),
(103, 2, 'Alerts', '200', 1323115428),
(104, 2, 'Alerts', '200', 1323115703),
(105, 2, 'Alerts', '200', 1323115815),
(106, 2, 'Alerts', '200', 1323116795),
(107, 2, 'Alerts', '200', 1323116847),
(108, 2, 'Alerts', '200', 1323116884),
(109, 1, 'Feeds', '200', 1323160860),
(110, 2, 'Alerts', '200', 1323160860),
(111, 3, 'Email', '200', 1323160860),
(112, 4, 'Twitter', '200', 1323160860),
(113, 5, 'Sharing', '200', 1323160860),
(114, 6, 'Cleanup', '200', 1323160860),
(115, 2, 'Alerts', '200', 1323161606),
(116, 2, 'Alerts', '200', 1323161870),
(117, 1, 'Feeds', '200', 1323164193),
(118, 2, 'Alerts', '200', 1323164193),
(119, 3, 'Email', '200', 1323164193),
(120, 4, 'Twitter', '200', 1323164193),
(121, 5, 'Sharing', '200', 1323164193),
(122, 6, 'Cleanup', '200', 1323164194),
(123, 2, 'Alerts', '200', 1323164249),
(124, 1, 'Feeds', '200', 1323166325),
(125, 1, 'Feeds', '200', 1323173580),
(126, 1, 'Feeds', '200', 1323178359),
(127, 1, 'Feeds', '200', 1323180727),
(128, 1, 'Feeds', '200', 1323183601),
(129, 1, 'Feeds', '200', 1323256520),
(130, 1, 'Feeds', '200', 1323263012),
(131, 1, 'Feeds', '200', 1323352260),
(132, 1, 'Feeds', '200', 1323412665),
(133, 1, 'Feeds', '200', 1323420706),
(134, 1, 'Feeds', '200', 1323423135),
(135, 1, 'Feeds', '200', 1323426551),
(136, 1, 'Feeds', '200', 1323428974),
(137, 1, 'Feeds', '200', 1323432134),
(138, 1, 'Feeds', '200', 1323436267),
(139, 1, 'Feeds', '200', 1323608345),
(140, 1, 'Feeds', '200', 1323610351),
(141, 1, 'Feeds', '200', 1323706948),
(142, 1, 'Feeds', '200', 1323755549),
(143, 1, 'Feeds', '200', 1323757987),
(144, 1, 'Feeds', '200', 1323759637),
(145, 1, 'Feeds', '200', 1323763379),
(146, 1, 'Feeds', '200', 1323951158),
(147, 1, 'Feeds', '200', 1324029112),
(148, 1, 'Feeds', '200', 1324298996),
(149, 1, 'Feeds', '200', 1324299648),
(150, 1, 'Feeds', '200', 1324305815),
(151, 1, 'Feeds', '200', 1324306915),
(152, 1, 'Feeds', '200', 1324319934),
(153, 1, 'Feeds', '200', 1324321938),
(154, 1, 'Feeds', '200', 1324324917),
(155, 1, 'Feeds', '200', 1324332781),
(156, 1, 'Feeds', '200', 1324335638),
(157, 1, 'Feeds', '200', 1324342666),
(158, 1, 'Feeds', '200', 1324368211),
(159, 1, 'Feeds', '200', 1324371812),
(160, 1, 'Feeds', '200', 1324378170),
(161, 1, 'Feeds', '200', 1324378817),
(162, 1, 'Feeds', '200', 1324383499),
(163, 1, 'Feeds', '200', 1324394625),
(164, 1, 'Feeds', '200', 1324398394),
(165, 1, 'Feeds', '200', 1324645144),
(166, 1, 'Feeds', '200', 1324984692),
(167, 1, 'Feeds', '200', 1324998660),
(168, 1, 'Feeds', '200', 1325002573),
(169, 1, 'Feeds', '200', 1325007354),
(170, 1, 'Feeds', '200', 1325009140),
(171, 1, 'Feeds', '200', 1325139921),
(172, 1, 'Feeds', '200', 1325320392),
(173, 1, 'Feeds', '200', 1325324395),
(174, 1, 'Feeds', '200', 1325326358);

-- --------------------------------------------------------

--
-- Table structure for table `service`
--

CREATE TABLE IF NOT EXISTS `service` (
  `id` int(10) unsigned NOT NULL AUTO_INCREMENT,
  `service_name` varchar(100) DEFAULT NULL,
  `service_description` varchar(255) DEFAULT NULL,
  `service_url` varchar(255) DEFAULT NULL,
  `service_api` varchar(255) DEFAULT NULL,
  PRIMARY KEY (`id`)
) ENGINE=MyISAM  DEFAULT CHARSET=utf8 AUTO_INCREMENT=4 ;

--
-- Dumping data for table `service`
--

INSERT INTO `service` (`id`, `service_name`, `service_description`, `service_url`, `service_api`) VALUES
(1, 'SMS', 'Text messages from phones', NULL, NULL),
(2, 'Email', 'Text messages from phones', NULL, NULL),
(3, 'Twitter', 'Tweets tweets tweets', 'http://twitter.com', NULL);

-- --------------------------------------------------------

--
-- Table structure for table `sessions`
--

CREATE TABLE IF NOT EXISTS `sessions` (
  `session_id` varchar(40) NOT NULL,
  `last_activity` int(10) unsigned NOT NULL,
  `data` text NOT NULL,
  PRIMARY KEY (`session_id`)
) ENGINE=MyISAM DEFAULT CHARSET=utf8;

--
-- Dumping data for table `sessions`
--


-- --------------------------------------------------------

--
-- Table structure for table `settings`
--

CREATE TABLE IF NOT EXISTS `settings` (
  `id` int(10) unsigned NOT NULL AUTO_INCREMENT,
  `site_name` varchar(255) DEFAULT NULL,
  `site_tagline` varchar(255) DEFAULT NULL,
  `site_banner_id` int(11) DEFAULT NULL,
  `site_email` varchar(120) DEFAULT NULL,
  `site_key` varchar(100) DEFAULT NULL,
  `site_language` varchar(10) NOT NULL DEFAULT 'en_US',
  `site_style` varchar(50) NOT NULL DEFAULT 'default',
  `site_timezone` varchar(80) DEFAULT NULL,
  `site_contact_page` tinyint(4) NOT NULL DEFAULT '1',
  `site_help_page` tinyint(4) NOT NULL DEFAULT '1',
  `site_message` text NOT NULL,
  `site_copyright_statement` text,
  `site_submit_report_message` text NOT NULL,
  `allow_reports` tinyint(4) NOT NULL DEFAULT '1',
  `allow_comments` tinyint(4) NOT NULL DEFAULT '1',
  `allow_feed` tinyint(4) NOT NULL DEFAULT '1',
  `allow_stat_sharing` tinyint(4) NOT NULL DEFAULT '1',
  `allow_clustering` tinyint(4) NOT NULL DEFAULT '0',
  `cache_pages` tinyint(4) NOT NULL DEFAULT '0',
  `cache_pages_lifetime` int(4) NOT NULL DEFAULT '1800',
  `private_deployment` tinyint(4) NOT NULL DEFAULT '0',
  `default_map` varchar(100) NOT NULL DEFAULT 'google_normal',
  `default_map_all` varchar(20) NOT NULL DEFAULT 'CC0000',
  `api_google` varchar(200) DEFAULT NULL,
  `api_yahoo` varchar(200) DEFAULT NULL,
  `api_live` varchar(200) DEFAULT NULL,
  `api_akismet` varchar(200) DEFAULT NULL,
  `default_country` int(11) DEFAULT NULL,
  `multi_country` tinyint(4) NOT NULL DEFAULT '0',
  `default_city` varchar(150) DEFAULT NULL,
  `default_lat` varchar(100) DEFAULT NULL,
  `default_lon` varchar(100) DEFAULT NULL,
  `default_zoom` tinyint(4) NOT NULL DEFAULT '10',
  `items_per_page` smallint(6) NOT NULL DEFAULT '20',
  `items_per_page_admin` smallint(6) NOT NULL DEFAULT '20',
  `sms_provider` varchar(100) DEFAULT NULL,
  `sms_no1` varchar(100) DEFAULT NULL,
  `sms_no2` varchar(100) DEFAULT NULL,
  `sms_no3` varchar(100) DEFAULT NULL,
  `google_analytics` text,
  `twitter_hashtags` text,
  `blocks` text,
  `blocks_per_row` tinyint(4) NOT NULL DEFAULT '2',
  `date_modify` datetime DEFAULT NULL,
  `stat_id` bigint(20) DEFAULT NULL COMMENT 'comes from centralized stats',
  `stat_key` varchar(30) NOT NULL,
  `email_username` varchar(100) NOT NULL,
  `email_password` varchar(100) NOT NULL,
  `email_port` int(11) NOT NULL,
  `email_host` varchar(100) NOT NULL,
  `email_servertype` varchar(100) NOT NULL,
  `email_ssl` int(5) NOT NULL,
  `ftp_server` varchar(100) DEFAULT NULL,
  `ftp_user_name` varchar(100) DEFAULT NULL,
  `alerts_email` varchar(120) NOT NULL,
  `checkins` tinyint(4) NOT NULL DEFAULT '0',
  `facebook_appid` varchar(150) DEFAULT NULL,
  `facebook_appsecret` varchar(150) DEFAULT NULL,
  `db_version` varchar(20) DEFAULT NULL,
  `ushahidi_version` varchar(20) DEFAULT NULL,
  PRIMARY KEY (`id`)
) ENGINE=MyISAM  DEFAULT CHARSET=utf8 AUTO_INCREMENT=2 ;

--
-- Dumping data for table `settings`
--

INSERT INTO `settings` (`id`, `site_name`, `site_tagline`, `site_banner_id`, `site_email`, `site_key`, `site_language`, `site_style`, `site_timezone`, `site_contact_page`, `site_help_page`, `site_message`, `site_copyright_statement`, `site_submit_report_message`, `allow_reports`, `allow_comments`, `allow_feed`, `allow_stat_sharing`, `allow_clustering`, `cache_pages`, `cache_pages_lifetime`, `private_deployment`, `default_map`, `default_map_all`, `api_google`, `api_yahoo`, `api_live`, `api_akismet`, `default_country`, `multi_country`, `default_city`, `default_lat`, `default_lon`, `default_zoom`, `items_per_page`, `items_per_page_admin`, `sms_provider`, `sms_no1`, `sms_no2`, `sms_no3`, `google_analytics`, `twitter_hashtags`, `blocks`, `blocks_per_row`, `date_modify`, `stat_id`, `stat_key`, `email_username`, `email_password`, `email_port`, `email_host`, `email_servertype`, `email_ssl`, `ftp_server`, `ftp_user_name`, `alerts_email`, `checkins`, `facebook_appid`, `facebook_appsecret`, `db_version`, `ushahidi_version`) VALUES
(1, 'TREE WATCH DOG', 'eye to the ground regarding Deforestation and Afforestation', NULL, 'wamala22@gmail.com', NULL, 'en_US', 'bueno', NULL, 1, 1, '', NULL, '', 1, 1, 1, 1, 0, 0, 1800, 0, 'google_normal', 'CC0000', 'ABQIAAAAjsEM5UsvCPCIHp80spK1kBQKW7L4j6gYznY0oMkScAbKwifzxxRhJ3SP_ijydkmJpN3jX8kn5r5fEQ', '5CYeWbfV34E21JOW1a4.54Mf6e9jLNkD0HVzaKoQmJZi2qzmSZd5mD8X49x7', NULL, NULL, 229, 0, 'Kampala', '0.33884', '32.613931650968', 6, 20, 20, NULL, NULL, NULL, NULL, NULL, NULL, 'reports_block|news_block', 2, '2011-12-06 11:56:36', 29118, 'fb13b6f5fd555ba9b71db1a7008d6c', 'dndannang', 'daniel19', 993, 'imap.gmail.com', 'imap', 1, NULL, NULL, '', 0, NULL, NULL, '65', '2.1');

-- --------------------------------------------------------

--
-- Table structure for table `sharing`
--

CREATE TABLE IF NOT EXISTS `sharing` (
  `id` int(10) unsigned NOT NULL AUTO_INCREMENT,
  `sharing_name` varchar(150) NOT NULL,
  `sharing_url` varchar(255) NOT NULL,
  `sharing_color` varchar(20) DEFAULT 'CC0000',
  `sharing_active` tinyint(4) NOT NULL DEFAULT '1',
  `sharing_date` datetime DEFAULT NULL,
  PRIMARY KEY (`id`)
) ENGINE=MyISAM DEFAULT CHARSET=utf8 AUTO_INCREMENT=1 ;

--
-- Dumping data for table `sharing`
--


-- --------------------------------------------------------

--
-- Table structure for table `sharing_incident`
--

CREATE TABLE IF NOT EXISTS `sharing_incident` (
  `id` int(10) unsigned NOT NULL AUTO_INCREMENT,
  `sharing_id` int(10) unsigned NOT NULL,
  `incident_id` int(11) NOT NULL,
  `incident_title` varchar(255) NOT NULL,
  `latitude` double NOT NULL,
  `longitude` double NOT NULL,
  `incident_date` datetime DEFAULT NULL,
  PRIMARY KEY (`id`)
) ENGINE=MyISAM DEFAULT CHARSET=utf8 AUTO_INCREMENT=1 ;

--
-- Dumping data for table `sharing_incident`
--


-- --------------------------------------------------------

--
-- Table structure for table `users`
--

CREATE TABLE IF NOT EXISTS `users` (
  `id` int(11) unsigned NOT NULL AUTO_INCREMENT,
  `name` varchar(200) DEFAULT NULL,
  `email` varchar(127) NOT NULL,
  `username` varchar(31) NOT NULL DEFAULT '',
  `password` char(50) NOT NULL,
  `logins` int(10) unsigned NOT NULL DEFAULT '0',
  `last_login` int(10) unsigned DEFAULT NULL,
  `notify` tinyint(1) NOT NULL DEFAULT '0' COMMENT 'Flag incase admin opts in for email notifications',
  `updated` timestamp NOT NULL DEFAULT CURRENT_TIMESTAMP ON UPDATE CURRENT_TIMESTAMP,
  `color` varchar(6) NOT NULL DEFAULT 'FF0000',
  `code` varchar(30) DEFAULT NULL,
  `confirmed` tinyint(1) NOT NULL DEFAULT '0',
  `public_profile` tinyint(1) NOT NULL DEFAULT '1',
  PRIMARY KEY (`id`),
  UNIQUE KEY `uniq_username` (`username`),
  UNIQUE KEY `uniq_email` (`email`)
) ENGINE=MyISAM  DEFAULT CHARSET=utf8 AUTO_INCREMENT=4 ;

--
-- Dumping data for table `users`
--

INSERT INTO `users` (`id`, `name`, `email`, `username`, `password`, `logins`, `last_login`, `notify`, `updated`, `color`, `code`, `confirmed`, `public_profile`) VALUES
(1, 'Administrator', 'myemail@example.com', 'admin', 'bae4b17e9acbabf959654a4c496e577003e0b887c6f52803d7', 343, 1324308243, 0, '2011-12-19 18:24:03', 'FF0000', NULL, 0, 0),
(2, 'wamala22', 'wamala22@gmail.com', 'wamala22', '71279a624bcfcfa454776ad78ed9c359cb3b87699e3e6d7758', 44, 1324043107, 0, '2011-12-16 16:45:07', 'FF0000', 'ACQJIjXseXc12ytUwPBZ', 0, 1),
(3, 'DANIEL NANGHAKA', 'dndannang@gmail.com', 'nanghaka', '56c4bca4d71aa2f9e381fa443f961876d9c0f6c616a731aa07', 14, 1322326762, 1, '2011-11-26 19:59:22', 'FF0000', NULL, 0, 1);

-- --------------------------------------------------------

--
-- Table structure for table `user_devices`
--

CREATE TABLE IF NOT EXISTS `user_devices` (
  `id` varchar(255) NOT NULL,
  `user_id` int(11) NOT NULL,
  PRIMARY KEY (`id`)
) ENGINE=MyISAM DEFAULT CHARSET=utf8;

--
-- Dumping data for table `user_devices`
--


-- --------------------------------------------------------

--
-- Table structure for table `user_tokens`
--

CREATE TABLE IF NOT EXISTS `user_tokens` (
  `id` int(11) unsigned NOT NULL AUTO_INCREMENT,
  `user_id` int(11) unsigned NOT NULL,
  `user_agent` varchar(40) NOT NULL,
  `token` varchar(32) NOT NULL,
  `created` int(10) unsigned NOT NULL,
  `expires` int(10) unsigned NOT NULL,
  PRIMARY KEY (`id`),
  UNIQUE KEY `uniq_token` (`token`),
  KEY `fk_user_id` (`user_id`)
) ENGINE=MyISAM  DEFAULT CHARSET=utf8 AUTO_INCREMENT=37 ;

--
-- Dumping data for table `user_tokens`
--

INSERT INTO `user_tokens` (`id`, `user_id`, `user_agent`, `token`, `created`, `expires`) VALUES
(30, 1, '9a471bd994c0b68fc0b12ee6af507272cf9af64c', 'h6bAoH2Da1DQcAt1IrmL36Bsc4gb8zUq', 1323534718, 1324744318),
(36, 1, '9a471bd994c0b68fc0b12ee6af507272cf9af64c', 'BKajXVkLVip2Q9jievufdXzE7ppfNVsA', 1324306509, 1325516109),
(35, 2, '9a471bd994c0b68fc0b12ee6af507272cf9af64c', 'c9lr4UBsYnWrdfEx6Ib4iEIi6TucVWIm', 1324036568, 1325246168),
(34, 2, '9a471bd994c0b68fc0b12ee6af507272cf9af64c', 'bXMjAx3GL6WJQ2KBMXkxKVHPYtaqFxth', 1324033202, 1325242802),
(32, 1, '9a471bd994c0b68fc0b12ee6af507272cf9af64c', 'fsLXCui1LLuGbAe2eMyZA6XQvgfINjHN', 1323951649, 1325161249),
(31, 2, '9a471bd994c0b68fc0b12ee6af507272cf9af64c', 'w8v5JkU5tH5u0FilxWjSJfYhdNgHZdnw', 1323814896, 1325024496),
(33, 1, '9a471bd994c0b68fc0b12ee6af507272cf9af64c', 'Rsu3DSSctMWeBl8Sz8ajz05Z52FUgs4t', 1323987279, 1325196879),
(10, 1, '9a471bd994c0b68fc0b12ee6af507272cf9af64c', 'MhypPBM7SpurAuWvN5uxCEosGBqJp2MG', 1323160935, 1324370535),
(11, 1, '9a471bd994c0b68fc0b12ee6af507272cf9af64c', 'Nvi8qJrkLRWadZe3ZBECUU7EbKTyPyxp', 1323183656, 1324393256),
(12, 1, '9a471bd994c0b68fc0b12ee6af507272cf9af64c', 'TYbnkjRw7ziQrPxAjm6sPNAiuXAnC7P6', 1323183691, 1324393291),
(13, 1, '9a471bd994c0b68fc0b12ee6af507272cf9af64c', 'JmyfsZaPTi0O5t7G9Q9hhM2MKY8JQ28u', 1323183727, 1324393327),
(14, 1, '9a471bd994c0b68fc0b12ee6af507272cf9af64c', 'Q8DUuw2csn5UgIoZ8yeFdTl2X761wk5k', 1323183761, 1324393361),
(15, 2, '9a471bd994c0b68fc0b12ee6af507272cf9af64c', 'Mqw6PSpu2LGruN1nXVWvADNEtHf0nwKQ', 1323240252, 1324449852),
(16, 2, '9a471bd994c0b68fc0b12ee6af507272cf9af64c', 'BmEEAzQPhuQ5rUaDU980yYLphIJRQwHi', 1323240264, 1324449864),
(17, 2, '9a471bd994c0b68fc0b12ee6af507272cf9af64c', 'aMIrzoNRyECj2aMWgEBW5asiRn1Uvyo8', 1323240275, 1324449875),
(18, 2, '9a471bd994c0b68fc0b12ee6af507272cf9af64c', 'hFCd1eiVOsgdl4flfMLjDj0OF1AIXAqT', 1323240298, 1324449898),
(19, 2, '9a471bd994c0b68fc0b12ee6af507272cf9af64c', 'S9Drln2WcSqL1Ko1BHKYZ9nDCF9r0s4s', 1323241100, 1324450700),
(20, 2, '9a471bd994c0b68fc0b12ee6af507272cf9af64c', 'xNHweI6q6QXHnWtdxFqEsAixk4KTv6C5', 1323241116, 1324450716),
(21, 1, '9a471bd994c0b68fc0b12ee6af507272cf9af64c', 'OqGahXD1utLQhXKr4dQ5Vqt2XkUXcQRl', 1323241134, 1324450734),
(22, 1, '9a471bd994c0b68fc0b12ee6af507272cf9af64c', 'JYYN2wH4hF8nVwlkJJ2YLRGbgt6BI3tO', 1323262173, 1324471773),
(23, 1, '9a471bd994c0b68fc0b12ee6af507272cf9af64c', 'FUC8kl7YVP1I76UcHanPjgOnKwkVV7Cm', 1323349149, 1324558749),
(24, 1, '9a471bd994c0b68fc0b12ee6af507272cf9af64c', 'xHInkyBdZEHVujyEdFBP7RufIpbQotsS', 1323349173, 1324558773),
(25, 2, '9a471bd994c0b68fc0b12ee6af507272cf9af64c', 'gcJxzYfLg8EUq7maes5NaI8r5bMQ6AIX', 1323349203, 1324558803),
(26, 2, '9a471bd994c0b68fc0b12ee6af507272cf9af64c', 'NmEOcKS3XVhv5IPl4UCfPbgQVdrZONBJ', 1323349265, 1324558865),
(27, 1, '9a471bd994c0b68fc0b12ee6af507272cf9af64c', 't7akBZhsVUp7VNXiGFhoMKD8R7iSiSJy', 1323349419, 1324559019),
(28, 1, '9a471bd994c0b68fc0b12ee6af507272cf9af64c', 'TBd1Vakx2xzWgS40kJk1MzcrpWQAQ0VF', 1323432503, 1324642103),
(29, 1, '9a471bd994c0b68fc0b12ee6af507272cf9af64c', 'loAbCe6N1M481KC7uK442vof47p2rfpw', 1323495191, 1324704791);

-- --------------------------------------------------------

--
-- Table structure for table `verified`
--

CREATE TABLE IF NOT EXISTS `verified` (
  `id` bigint(20) unsigned NOT NULL AUTO_INCREMENT,
  `incident_id` bigint(20) DEFAULT NULL,
  `user_id` int(11) DEFAULT NULL,
  `verified_comment` longtext,
  `verified_date` datetime DEFAULT NULL,
  `verified_status` tinyint(4) NOT NULL DEFAULT '0',
  PRIMARY KEY (`id`)
) ENGINE=MyISAM  DEFAULT CHARSET=utf8 AUTO_INCREMENT=25 ;

--
-- Dumping data for table `verified`
--

INSERT INTO `verified` (`id`, `incident_id`, `user_id`, `verified_comment`, `verified_date`, `verified_status`) VALUES
(1, 2, 1, NULL, '2011-11-26 11:17:01', 1),
(2, 2, 1, NULL, '2011-11-26 11:17:06', 2),
(3, 3, 3, NULL, '2011-11-26 17:05:29', 1),
(4, 3, 3, NULL, '2011-11-26 17:05:34', 2),
(5, 4, 1, NULL, '2011-12-05 23:10:01', 1),
(6, 9, 1, NULL, '2011-12-07 13:38:49', 1),
(7, 7, 1, NULL, '2011-12-07 13:39:59', 2),
(8, 6, 1, NULL, '2011-12-07 13:41:08', 1),
(9, 8, 1, NULL, '2011-12-07 13:41:14', 1),
(10, 8, 1, NULL, '2011-12-07 13:41:24', 2),
(11, 9, 1, NULL, '2011-12-07 13:41:42', 1),
(12, 9, 1, NULL, '2011-12-07 13:41:51', 1),
(13, 10, 1, NULL, '2011-12-09 15:36:35', 1),
(14, 10, 1, NULL, '2011-12-09 15:36:45', 2),
(15, 12, 1, NULL, '2011-12-15 15:44:15', 1),
(16, 12, 1, NULL, '2011-12-15 15:44:22', 2),
(17, 11, 1, NULL, '2011-12-15 15:44:29', 1),
(18, 11, 1, NULL, '2011-12-15 15:44:35', 2),
(19, 9, 1, NULL, '2011-12-15 15:44:47', 2),
(20, 7, 1, NULL, '2011-12-15 15:44:57', 1),
(21, 6, 1, NULL, '2011-12-15 15:45:08', 2),
(22, 5, 1, NULL, '2011-12-15 15:45:20', 2),
(23, 5, 1, NULL, '2011-12-15 15:45:29', 1),
(24, 4, 1, NULL, '2011-12-15 15:45:39', 2);
